couponId,couponName,couponTypeName,couponActivityName,receiveCustomerNum,minOrderMoney,couponAmount,discountRate,customerMaxNum,couponValidBeginTime,couponValidEndTime,section,frontPartition
43042,9.9自营免邮券丨京东快递,运费券,9.9免邮活动丨26年7月,11891,9.9,9.0,90.91,1,2026-07-01 00:00:00,2026-07-31 23:59:59,综合专区,1
43026,50元面板定制商品券,面板打印券,面板定制2026年7月优惠活动,1731,100.0,50.0,50.0,1,2026-07-01 00:00:00,2026-07-31 23:59:59,综合专区,1
43025,30元面板定制新人专享优惠券,面板打印券,面板定制2026年7月优惠活动,2353,0.0,30.0,100.0,1,2026-07-01 00:00:00,2026-07-31 23:59:59,综合专区,1
42878,200元运费券 | BOM下单专享,运费券,2026年7月BOM专属优惠券,1793,5000.0,200.0,4.0,1,2026-07-01 00:00:00,2026-07-31 23:59:59,综合专区,1
43118,8元BOM首单运费券,运费券,7月BOM智能云表上线福利,2121,10.0,8.0,80.0,1,2026-07-01 00:00:00,2026-07-14 23:59:59,综合专区,1
42991,海外代购TI.COM渠道优惠券,商品券,2026年7月海外代购优惠券活动,1122,30000.0,1000.0,3.33,1,2026-07-01 00:00:00,2026-07-31 23:59:59,综合专区,1
42990,海外代购TI.COM渠道优惠券,商品券,2026年7月海外代购优惠券活动,1098,15000.0,450.0,3.0,1,2026-07-01 00:00:00,2026-07-31 23:59:59,综合专区,1
42976,300元海外代购券,商品券,2026年7月海外代购优惠券活动,2615,20000.0,300.0,1.5,1,2026-07-01 00:00:00,2026-07-31 23:59:59,综合专区,1
43260,200元合作库存专属商品券,商品券,2026年7月立创订货优惠券活动,362,20000.0,200.0,1.0,1,2026-07-01 00:00:00,2026-07-31 23:59:59,综合专区,1
42984,海外代购TI.COM渠道优惠券,商品券,2026年7月海外代购优惠券活动,1079,5000.0,150.0,3.0,1,2026-07-01 00:00:00,2026-07-31 23:59:59,综合专区,1
43259,100元合作库存专属商品券,商品券,2026年7月立创订货优惠券活动,385,12000.0,100.0,0.83,1,2026-07-01 00:00:00,2026-07-31 23:59:59,综合专区,1
42879,40元BOM首单商品券,商品券,2026年7月BOM专属优惠券,1775,100.0,40.0,40.0,1,2026-07-01 00:00:00,2026-07-31 23:59:59,综合专区,1
42877,30元BOM下单专享券,商品券,2026年7月BOM专属优惠券,1616,100.0,30.0,30.0,1,2026-07-01 00:00:00,2026-07-31 23:59:59,综合专区,1
42543,25元工业品新客首单券,商品券,立创工业品-每月券-26年7月,1166,50.0,25.0,50.0,1,2026-07-01 00:00:00,2026-07-31 23:59:59,综合专区,1
42578,15元捷而瑞品牌商品券,捷而瑞,26年7月品牌推广活动,2728,16.0,15.0,93.75,1,2026-07-01 00:00:00,2026-07-31 23:59:59,综合专区,1
43027,30元面板定制商品券,面板打印券,面板定制2026年7月优惠活动,692,1000.0,30.0,3.0,2,2026-07-01 00:00:00,2026-07-31 23:59:59,面板定制 & 移动端,13
43028,70元面板定制商品券,面板打印券,面板定制2026年7月优惠活动,541,3000.0,70.0,2.33,2,2026-07-01 00:00:00,2026-07-31 23:59:59,面板定制 & 移动端,13
43029,200元面板定制商品券,面板打印券,面板定制2026年7月优惠活动,437,5000.0,200.0,4.0,2,2026-07-01 00:00:00,2026-07-31 23:59:59,面板定制 & 移动端,13
43031,30元面板定制运费券,面板打印券,面板定制2026年7月优惠活动,292,1000.0,30.0,3.0,1,2026-07-01 00:00:00,2026-07-31 23:59:59,面板定制 & 移动端,13
43030,300元面板定制商品券,面板打印券,面板定制2026年7月优惠活动,414,8000.0,300.0,3.75,2,2026-07-01 00:00:00,2026-07-31 23:59:59,面板定制 & 移动端,13
43032,70元面板定制运费券,面板打印券,面板定制2026年7月优惠活动,245,2000.0,70.0,3.5,1,2026-07-01 00:00:00,2026-07-31 23:59:59,面板定制 & 移动端,13
43065,100元面板定制运费券,面板打印券,面板定制2026年7月优惠活动,240,3000.0,100.0,3.33,1,2026-07-01 00:00:00,2026-07-31 23:59:59,面板定制 & 移动端,13
43066,130元面板定制运费券,面板打印券,面板定制2026年7月优惠活动,225,5000.0,130.0,2.6,1,2026-07-01 00:00:00,2026-07-31 23:59:59,面板定制 & 移动端,13
43068,150元面板定制运费券,面板打印券,面板定制2026年7月优惠活动,227,8000.0,150.0,1.88,1,2026-07-01 00:00:00,2026-07-31 23:59:59,面板定制 & 移动端,13
43075,200元面板定制运费券,面板打印券,面板定制2026年7月优惠活动,230,10000.0,200.0,2.0,1,2026-07-01 00:00:00,2026-07-31 23:59:59,面板定制 & 移动端,13
43135,7元天天团运费券丨仅移动端可用,运费券,移动端天天团丨26年7月,2295,0.01,7.0,100.0,1,2026-07-01 00:00:00,2026-07-31 23:59:59,面板定制 & 移动端,13
43230,<品牌新人>30元先积集成品牌商品券,先积集成,26年7月品牌推广活动,146,31.0,30.0,96.77,1,2026-07-01 00:00:00,2026-07-31 23:59:59,品牌推广专区,2
43232,30元申风品牌商品券,申风,26年7月品牌推广活动,62,200.0,30.0,15.0,1,2026-07-01 00:00:00,2026-07-31 23:59:59,品牌推广专区,2
43242,30元友台半导体品牌商品券,友台半导体,26年7月品牌推广活动,150,500.0,30.0,6.0,1,2026-07-01 00:00:00,2026-07-31 23:59:59,品牌推广专区,2
43266,30元杭晶品牌商品券,杭晶,26年7月品牌推广活动,36,300.0,30.0,10.0,1,2026-07-01 00:00:00,2026-07-31 23:59:59,品牌推广专区,2
43277,30元国芯佳品品牌商品券,国芯佳品,26年7月品牌推广活动,28,100.0,30.0,30.0,1,2026-07-01 00:00:00,2026-07-31 23:59:59,品牌推广专区,2
43282,30元连欣科技品牌商品券,连欣科技,26年7月品牌推广活动,34,300.0,30.0,10.0,1,2026-07-01 00:00:00,2026-07-31 23:59:59,品牌推广专区,2
42571,25元皓宇电子品牌商品券,皓宇电子,26年7月品牌推广活动,227,50.0,25.0,50.0,1,2026-07-01 00:00:00,2026-07-31 23:59:59,品牌推广专区,2
42626,25元诚韬品牌商品券,诚韬,26年7月品牌推广活动,908,26.0,25.0,96.15,1,2026-07-01 00:00:00,2026-07-31 23:59:59,品牌推广专区,2
42635,25元技象科技品牌商品券,技象科技,26年7月品牌推广活动,772,26.0,25.0,96.15,1,2026-07-01 00:00:00,2026-07-31 23:59:59,品牌推广专区,2
42681,25元三佐品牌商品券,三佐,26年7月品牌推广活动,199,100.0,25.0,25.0,1,2026-07-01 00:00:00,2026-07-31 23:59:59,品牌推广专区,2
42730,25元广东场效应半导体品牌商品券,广东场效应半导体,26年7月品牌推广活动,201,100.0,25.0,25.0,1,2026-07-01 00:00:00,2026-07-31 23:59:59,品牌推广专区,2
42811,25元高芯电子品牌商品券,高芯电子,26年7月品牌推广活动,204,50.0,25.0,50.0,1,2026-07-01 00:00:00,2026-07-31 23:59:59,品牌推广专区,2
42820,25元华明通品牌商品券,华明通,26年7月品牌推广活动,181,100.0,25.0,25.0,1,2026-07-01 00:00:00,2026-07-31 23:59:59,品牌推广专区,2
43037,25元KUU品牌商品券,KUU,26年7月品牌推广活动,211,200.0,25.0,12.5,1,2026-07-01 00:00:00,2026-07-31 23:59:59,品牌推广专区,2
43048,25元永裕泰品牌商品券,永裕泰,26年7月品牌推广活动,224,300.0,25.0,8.33,1,2026-07-01 00:00:00,2026-07-31 23:59:59,品牌推广专区,2
43175,25元迈诺斯品牌商品券,迈诺斯,26年7月品牌推广活动,274,50.0,25.0,50.0,1,2026-07-01 00:00:00,2026-07-31 23:59:59,品牌推广专区,2
43189,25元凯越翔品牌商品券,凯越翔,26年7月品牌推广活动,222,50.0,25.0,50.0,1,2026-07-01 00:00:00,2026-07-31 23:59:59,品牌推广专区,2
43191,<品牌新人>25元蓝晶品牌商品券,蓝晶,26年7月品牌推广活动,179,50.0,25.0,50.0,1,2026-07-01 00:00:00,2026-07-31 23:59:59,品牌推广专区,2
43267,25元捷容品牌商品券,捷容,26年7月品牌推广活动,174,26.0,25.0,96.15,1,2026-07-01 00:00:00,2026-07-31 23:59:59,品牌推广专区,2
43285,25元米客方德品牌商品券,米客方德,26年7月品牌推广活动,144,26.0,25.0,96.15,1,2026-07-01 00:00:00,2026-07-31 23:59:59,品牌推广专区,2
42524,20元皇捷品牌商品券,皇捷,26年7月品牌推广活动,187,100.0,20.0,20.0,1,2026-07-01 00:00:00,2026-07-31 23:59:59,品牌推广专区,2
42525,20元易成品牌商品券,易成,26年7月品牌推广活动,1106,21.0,20.0,95.24,1,2026-07-01 00:00:00,2026-07-31 23:59:59,品牌推广专区,2
42545,20元虹成电子品牌商品券,虹成电子,26年7月品牌推广活动,1291,21.0,20.0,95.24,1,2026-07-01 00:00:00,2026-07-31 23:59:59,品牌推广专区,2
42558,20元华轩阳电子品牌商品券,华轩阳电子,26年7月品牌推广活动,1925,21.0,20.0,95.24,1,2026-07-01 00:00:00,2026-07-31 23:59:59,品牌推广专区,2
42569,20元六钧品牌商品券,六钧,26年7月品牌推广活动,289,30.0,20.0,66.67,1,2026-07-01 00:00:00,2026-07-31 23:59:59,品牌推广专区,2
42573,20元首韩品牌商品券,首韩,26年7月品牌推广活动,1768,21.0,20.0,95.24,1,2026-07-01 00:00:00,2026-07-31 23:59:59,品牌推广专区,2
42598,20元慧芯品牌商品券,慧芯,26年7月品牌推广活动,211,100.0,20.0,20.0,1,2026-07-01 00:00:00,2026-07-31 23:59:59,品牌推广专区,2
42604,20元海天芯品牌商品券,海天芯,26年7月品牌推广活动,210,100.0,20.0,20.0,1,2026-07-01 00:00:00,2026-07-31 23:59:59,品牌推广专区,2
42664,20元宇文发品牌商品券,宇文发,26年7月品牌推广活动,954,21.0,20.0,95.24,1,2026-07-01 00:00:00,2026-07-31 23:59:59,品牌推广专区,2
42688,20元正成品牌商品券,正成,26年7月品牌推广活动,936,21.0,20.0,95.24,1,2026-07-01 00:00:00,2026-07-31 23:59:59,品牌推广专区,2
42713,20元辛译品牌商品券,辛译,26年7月品牌推广活动,235,100.0,20.0,20.0,1,2026-07-01 00:00:00,2026-07-31 23:59:59,品牌推广专区,2
42726,20元温达电子品牌商品券,温达电子,26年7月品牌推广活动,956,21.0,20.0,95.24,1,2026-07-01 00:00:00,2026-07-31 23:59:59,品牌推广专区,2
42731,20元芯控源品牌商品券,芯控源,26年7月品牌推广活动,213,100.0,20.0,20.0,1,2026-07-01 00:00:00,2026-07-31 23:59:59,品牌推广专区,2
42745,20元晶力源品牌商品券,晶力源,26年7月品牌推广活动,995,21.0,20.0,95.24,1,2026-07-01 00:00:00,2026-07-31 23:59:59,品牌推广专区,2
42813,20元康深品牌商品券,康深,26年7月品牌推广活动,206,200.0,20.0,10.0,1,2026-07-01 00:00:00,2026-07-31 23:59:59,品牌推广专区,2
42816,20元集电通品牌商品券,集电通,26年7月品牌推广活动,1051,21.0,20.0,95.24,1,2026-07-01 00:00:00,2026-07-31 23:59:59,品牌推广专区,2
42833,20元伽盛品牌商品券,伽盛,26年7月品牌推广活动,182,200.0,20.0,10.0,1,2026-07-01 00:00:00,2026-07-31 23:59:59,品牌推广专区,2
42861,<品牌新人>20元创基品牌商品券,创基,26年7月品牌推广活动,565,21.0,20.0,95.24,1,2026-07-01 00:00:00,2026-07-31 23:59:59,品牌推广专区,2
42870,20元增益品牌商品券,增益,26年7月品牌推广活动,225,200.0,20.0,10.0,1,2026-07-01 00:00:00,2026-07-31 23:59:59,品牌推广专区,2
42882,20元星通时频品牌商品券,星通时频,26年7月品牌推广活动,204,200.0,20.0,10.0,1,2026-07-01 00:00:00,2026-07-31 23:59:59,品牌推广专区,2
42895,20元洺太电子品牌商品券,洺太电子,26年7月品牌推广活动,193,100.0,20.0,20.0,1,2026-07-01 00:00:00,2026-07-31 23:59:59,品牌推广专区,2
42930,20元微尔品牌商品券,微尔,26年7月品牌推广活动,772,21.0,20.0,95.24,1,2026-07-01 00:00:00,2026-07-31 23:59:59,品牌推广专区,2
42934,20元聚兴泰品牌商品券,聚兴泰,26年7月品牌推广活动,228,100.0,20.0,20.0,1,2026-07-01 00:00:00,2026-07-31 23:59:59,品牌推广专区,2
42936,20元佑驰品牌商品券,佑驰,26年7月品牌推广活动,1017,21.0,20.0,95.24,1,2026-07-01 00:00:00,2026-07-31 23:59:59,品牌推广专区,2
42961,<品牌新人>20元比诺星品牌商品券,比诺星,26年7月品牌推广活动,534,21.0,20.0,95.24,1,2026-07-01 00:00:00,2026-07-31 23:59:59,品牌推广专区,2
43010,20元德艺隆品牌商品券,德艺隆,26年7月品牌推广活动,224,200.0,20.0,10.0,1,2026-07-01 00:00:00,2026-07-31 23:59:59,品牌推广专区,2
43076,<品牌新人>20元荣誉品牌商品券,荣誉,26年7月品牌推广活动,519,21.0,20.0,95.24,1,2026-07-01 00:00:00,2026-07-31 23:59:59,品牌推广专区,2
43099,20元易川品牌商品券,易川,26年7月品牌推广活动,1246,21.0,20.0,95.24,1,2026-07-01 00:00:00,2026-07-31 23:59:59,品牌推广专区,2
43151,20元万盛品牌商品券,万盛,26年7月品牌推广活动,261,200.0,20.0,10.0,1,2026-07-01 00:00:00,2026-07-31 23:59:59,品牌推广专区,2
43214,20元长兴品牌商品券,长兴,26年7月品牌推广活动,100,30.0,20.0,66.67,1,2026-07-01 00:00:00,2026-07-31 23:59:59,品牌推广专区,2
43217,20元德尔创品牌商品券,德尔创,26年7月品牌推广活动,62,200.0,20.0,10.0,1,2026-07-01 00:00:00,2026-07-31 23:59:59,品牌推广专区,2
43224,20元航昱微品牌商品券,航昱微,26年7月品牌推广活动,60,100.0,20.0,20.0,1,2026-07-01 00:00:00,2026-07-31 23:59:59,品牌推广专区,2
43253,<品牌新人>20元宏嘉诚品牌商品券,宏嘉诚,26年7月品牌推广活动,137,21.0,20.0,95.24,1,2026-07-01 00:00:00,2026-07-31 23:59:59,品牌推广专区,2
43258,20元美韩品牌商品券,美韩,26年7月品牌推广活动,24,200.0,20.0,10.0,1,2026-07-01 00:00:00,2026-07-31 23:59:59,品牌推广专区,2
43270,20元鸿源精密品牌商品券,鸿源精密,26年7月品牌推广活动,27,500.0,20.0,4.0,1,2026-07-01 00:00:00,2026-07-31 23:59:59,品牌推广专区,2
43288,20元文章济美品牌商品券,文章济美,26年7月品牌推广活动,28,100.0,20.0,20.0,1,2026-07-01 00:00:00,2026-07-31 23:59:59,品牌推广专区,2
42517,15元台普品牌商品券,台普,26年7月品牌推广活动,874,16.0,15.0,93.75,1,2026-07-01 00:00:00,2026-07-31 23:59:59,品牌推广专区,2
42519,15元金航标品牌商品券,金航标,26年7月品牌推广活动,590,20.0,15.0,75.0,1,2026-07-01 00:00:00,2026-07-31 23:59:59,品牌推广专区,2
42521,15元讯普品牌商品券,讯普,26年7月品牌推广活动,1416,16.0,15.0,93.75,1,2026-07-01 00:00:00,2026-07-31 23:59:59,品牌推广专区,2
42523,15元友贸品牌商品券,友贸,26年7月品牌推广活动,826,16.0,15.0,93.75,1,2026-07-01 00:00:00,2026-07-31 23:59:59,品牌推广专区,2
42527,<品牌新人>15元康奈克斯电气品牌指定类目商品券,康奈克斯电气,26年7月品牌推广活动,462,16.0,15.0,93.75,1,2026-07-01 00:00:00,2026-07-31 23:59:59,品牌推广专区,2
42529,15元鲁光品牌商品券,鲁光,26年7月品牌推广活动,1029,16.0,15.0,93.75,1,2026-07-01 00:00:00,2026-07-31 23:59:59,品牌推广专区,2
42531,15元迈旭品牌商品券,迈旭,26年7月品牌推广活动,949,16.0,15.0,93.75,1,2026-07-01 00:00:00,2026-07-31 23:59:59,品牌推广专区,2
42533,15元杜因特品牌商品券,杜因特,26年7月品牌推广活动,1004,16.0,15.0,93.75,1,2026-07-01 00:00:00,2026-07-31 23:59:59,品牌推广专区,2
42535,<品牌新人>15元天成品牌商品券,天成,26年7月品牌推广活动,421,16.0,15.0,93.75,1,2026-07-01 00:00:00,2026-07-31 23:59:59,品牌推广专区,2
42536,15元博众电气品牌商品券,博众电气,26年7月品牌推广活动,809,16.0,15.0,93.75,1,2026-07-01 00:00:00,2026-07-31 23:59:59,品牌推广专区,2
42539,15元宇熙精密品牌商品券,宇熙精密,26年7月品牌推广活动,769,16.0,15.0,93.75,1,2026-07-01 00:00:00,2026-07-31 23:59:59,品牌推广专区,2
42541,15元安邦品牌商品券,安邦,26年7月品牌推广活动,766,16.0,15.0,93.75,1,2026-07-01 00:00:00,2026-07-31 23:59:59,品牌推广专区,2
42544,<品牌新人>15元银月光品牌商品券,银月光,26年7月品牌推广活动,466,16.0,15.0,93.75,1,2026-07-01 00:00:00,2026-07-31 23:59:59,品牌推广专区,2
42549,15元固得沃克品牌商品券,固得沃克,26年7月品牌推广活动,2012,16.0,15.0,93.75,1,2026-07-01 00:00:00,2026-07-31 23:59:59,品牌推广专区,2
42552,15元品赞品牌商品券,品赞,26年7月品牌推广活动,1108,16.0,15.0,93.75,1,2026-07-01 00:00:00,2026-07-31 23:59:59,品牌推广专区,2
42560,<品牌新人>15元长泰尔电子品牌商品券,长泰尔电子,26年7月品牌推广活动,240,30.0,15.0,50.0,1,2026-07-01 00:00:00,2026-07-31 23:59:59,品牌推广专区,2
42562,15元顺磁品牌商品券,顺磁,26年7月品牌推广活动,1081,16.0,15.0,93.75,1,2026-07-01 00:00:00,2026-07-31 23:59:59,品牌推广专区,2
42564,<品牌新人>15元扬兴晶振品牌商品券,扬兴晶振,26年7月品牌推广活动,418,16.0,15.0,93.75,1,2026-07-01 00:00:00,2026-07-31 23:59:59,品牌推广专区,2
42568,15元宝讯品牌商品券,宝讯,26年7月品牌推广活动,892,16.0,15.0,93.75,1,2026-07-01 00:00:00,2026-07-31 23:59:59,品牌推广专区,2
42575,15元众迪品牌商品券,众迪,26年7月品牌推广活动,712,16.0,15.0,93.75,1,2026-07-01 00:00:00,2026-07-31 23:59:59,品牌推广专区,2
42577,15元巴丁微品牌商品券,巴丁微,26年7月品牌推广活动,288,30.0,15.0,50.0,1,2026-07-01 00:00:00,2026-07-31 23:59:59,品牌推广专区,2
42582,<品牌新人>15元禾芯微品牌商品券,禾芯微,26年7月品牌推广活动,512,16.0,15.0,93.75,1,2026-07-01 00:00:00,2026-07-31 23:59:59,品牌推广专区,2
42593,15元伟烽品牌商品券,伟烽,26年7月品牌推广活动,697,16.0,15.0,93.75,1,2026-07-01 00:00:00,2026-07-31 23:59:59,品牌推广专区,2
42599,<品牌新人>15元慧芯品牌商品券,慧芯,26年7月品牌推广活动,527,16.0,15.0,93.75,1,2026-07-01 00:00:00,2026-07-31 23:59:59,品牌推广专区,2
42600,15元连兴旺电子品牌商品券,连兴旺电子,26年7月品牌推广活动,827,16.0,15.0,93.75,1,2026-07-01 00:00:00,2026-07-31 23:59:59,品牌推广专区,2
42602,<品牌新人>15元MDD品牌商品券,辰达半导体,26年7月品牌推广活动,393,16.0,15.0,93.75,1,2026-07-01 00:00:00,2026-07-31 23:59:59,品牌推广专区,2
42605,15元海天芯品牌商品券,海天芯,26年7月品牌推广活动,970,16.0,15.0,93.75,1,2026-07-01 00:00:00,2026-07-31 23:59:59,品牌推广专区,2
42607,15元富隆电子品牌商品券,富隆电子,26年7月品牌推广活动,852,16.0,15.0,93.75,1,2026-07-01 00:00:00,2026-07-31 23:59:59,品牌推广专区,2
42608,15元创慧电子品牌商品券,创慧电子,26年7月品牌推广活动,1045,16.0,15.0,93.75,1,2026-07-01 00:00:00,2026-07-31 23:59:59,品牌推广专区,2
42609,15元富捷品牌商品券,富捷,26年7月品牌推广活动,788,20.0,15.0,75.0,1,2026-07-01 00:00:00,2026-07-31 23:59:59,品牌推广专区,2
42611,15元瀚源品牌商品券,瀚源,26年7月品牌推广活动,1267,16.0,15.0,93.75,1,2026-07-01 00:00:00,2026-07-31 23:59:59,品牌推广专区,2
42613,15元桂光光电品牌商品券,桂光光电,26年7月品牌推广活动,999,16.0,15.0,93.75,1,2026-07-01 00:00:00,2026-07-31 23:59:59,品牌推广专区,2
42614,15元华橙熊猫品牌指定类目商品券,华橙熊猫,26年7月品牌推广活动,434,30.0,15.0,50.0,1,2026-07-01 00:00:00,2026-07-31 23:59:59,品牌推广专区,2
42615,15元云睿品牌商品券,云睿,26年7月品牌推广活动,765,16.0,15.0,93.75,1,2026-07-01 00:00:00,2026-07-31 23:59:59,品牌推广专区,2
42619,15元蓝图微电品牌商品券,蓝图微电,26年7月品牌推广活动,794,16.0,15.0,93.75,1,2026-07-01 00:00:00,2026-07-31 23:59:59,品牌推广专区,2
42621,15元顺翔诺品牌商品券,顺翔诺,26年7月品牌推广活动,1008,16.0,15.0,93.75,1,2026-07-01 00:00:00,2026-07-31 23:59:59,品牌推广专区,2
42622,<品牌新人>15元毫欧品牌商品券,毫欧,26年7月品牌推广活动,412,16.0,15.0,93.75,1,2026-07-01 00:00:00,2026-07-31 23:59:59,品牌推广专区,2
42624,15元瑞申电子品牌商品券,瑞申电子,26年7月品牌推广活动,282,30.0,15.0,50.0,1,2026-07-01 00:00:00,2026-07-31 23:59:59,品牌推广专区,2
42628,15元铭易轩品牌指定类目商品券,德立,26年7月品牌推广活动,711,16.0,15.0,93.75,1,2026-07-01 00:00:00,2026-07-31 23:59:59,品牌推广专区,2
42632,15元晶创和立品牌商品券,晶创和立,26年7月品牌推广活动,817,16.0,15.0,93.75,1,2026-07-01 00:00:00,2026-07-31 23:59:59,品牌推广专区,2
42637,<商城新人>15元国星光电品牌商品券,国星光电,26年7月品牌推广活动,59,16.0,15.0,93.75,1,2026-07-01 00:00:00,2026-07-31 23:59:59,品牌推广专区,2
42639,15元鼎容品牌商品券,鼎容,26年7月品牌推广活动,855,16.0,15.0,93.75,1,2026-07-01 00:00:00,2026-07-31 23:59:59,品牌推广专区,2
42641,<品牌新人>15元华宇品牌商品券,华宇,26年7月品牌推广活动,582,16.0,15.0,93.75,1,2026-07-01 00:00:00,2026-07-31 23:59:59,品牌推广专区,2
42644,15元振宝佳品牌商品券,振宝佳,26年7月品牌推广活动,981,16.0,15.0,93.75,1,2026-07-01 00:00:00,2026-07-31 23:59:59,品牌推广专区,2
42646,15元松田品牌商品券,松田,26年7月品牌推广活动,995,16.0,15.0,93.75,1,2026-07-01 00:00:00,2026-07-31 23:59:59,品牌推广专区,2
42648,15元圣融达品牌商品券,圣融达,26年7月品牌推广活动,859,16.0,15.0,93.75,1,2026-07-01 00:00:00,2026-07-31 23:59:59,品牌推广专区,2
42650,15元芯涛微品牌商品券,芯涛微,26年7月品牌推广活动,764,16.0,15.0,93.75,1,2026-07-01 00:00:00,2026-07-31 23:59:59,品牌推广专区,2
42651,15元晁禾品牌商品券,晁禾,26年7月品牌推广活动,786,16.0,15.0,93.75,1,2026-07-01 00:00:00,2026-07-31 23:59:59,品牌推广专区,2
42652,15元瑞鑫品牌商品券,瑞鑫,26年7月品牌推广活动,761,16.0,15.0,93.75,1,2026-07-01 00:00:00,2026-07-31 23:59:59,品牌推广专区,2
42654,15元光华品牌商品券,光华,26年7月品牌推广活动,808,16.0,15.0,93.75,1,2026-07-01 00:00:00,2026-07-31 23:59:59,品牌推广专区,2
42658,15元业展品牌商品券,业展,26年7月品牌推广活动,943,16.0,15.0,93.75,1,2026-07-01 00:00:00,2026-07-31 23:59:59,品牌推广专区,2
42660,15元上海矽朋品牌商品券,上海矽朋,26年7月品牌推广活动,941,16.0,15.0,93.75,1,2026-07-01 00:00:00,2026-07-31 23:59:59,品牌推广专区,2
42661,15元陆特品牌商品券,陆特,26年7月品牌推广活动,924,16.0,15.0,93.75,1,2026-07-01 00:00:00,2026-07-31 23:59:59,品牌推广专区,2
42663,15元欧芯品牌商品券,欧芯,26年7月品牌推广活动,320,100.0,15.0,15.0,1,2026-07-01 00:00:00,2026-07-31 23:59:59,品牌推广专区,2
42666,<品牌新人>15元晶扬电子品牌商品券,晶扬电子,26年7月品牌推广活动,527,16.0,15.0,93.75,1,2026-07-01 00:00:00,2026-07-31 23:59:59,品牌推广专区,2
42668,15元萨科微品牌商品券,萨科微,26年7月品牌推广活动,686,20.0,15.0,75.0,1,2026-07-01 00:00:00,2026-07-31 23:59:59,品牌推广专区,2
42670,15元辉焕品牌商品券,辉焕,26年7月品牌推广活动,755,16.0,15.0,93.75,1,2026-07-01 00:00:00,2026-07-31 23:59:59,品牌推广专区,2
42672,15元达普品牌商品券,达普,26年7月品牌推广活动,299,30.0,15.0,50.0,1,2026-07-01 00:00:00,2026-07-31 23:59:59,品牌推广专区,2
42673,15元联晟欣品牌商品券,联晟欣,26年7月品牌推广活动,805,16.0,15.0,93.75,1,2026-07-01 00:00:00,2026-07-31 23:59:59,品牌推广专区,2
42674,15元钿威科技品牌商品券,钿威科技,26年7月品牌推广活动,746,16.0,15.0,93.75,1,2026-07-01 00:00:00,2026-07-31 23:59:59,品牌推广专区,2
42675,15元四方杰芯品牌商品券,四方杰芯,26年7月品牌推广活动,800,16.0,15.0,93.75,1,2026-07-01 00:00:00,2026-07-31 23:59:59,品牌推广专区,2
42676,15元钍地半导体品牌商品券,钍地半导体,26年7月品牌推广活动,863,16.0,15.0,93.75,1,2026-07-01 00:00:00,2026-07-31 23:59:59,品牌推广专区,2
42678,15元中戈泰斗品牌商品券,中戈泰斗,26年7月品牌推广活动,751,16.0,15.0,93.75,1,2026-07-01 00:00:00,2026-07-31 23:59:59,品牌推广专区,2
42680,15元三佐品牌商品券,三佐,26年7月品牌推广活动,1007,16.0,15.0,93.75,1,2026-07-01 00:00:00,2026-07-31 23:59:59,品牌推广专区,2
42682,15元芯谷品牌商品券,芯谷,26年7月品牌推广活动,294,100.0,15.0,15.0,1,2026-07-01 00:00:00,2026-07-31 23:59:59,品牌推广专区,2
42683,15元兆讯品牌商品券,兆讯,26年7月品牌推广活动,309,30.0,15.0,50.0,1,2026-07-01 00:00:00,2026-07-31 23:59:59,品牌推广专区,2
42685,15元格林柏品牌商品券,格林柏,26年7月品牌推广活动,774,16.0,15.0,93.75,1,2026-07-01 00:00:00,2026-07-31 23:59:59,品牌推广专区,2
42687,15元康宏电子品牌商品券,康宏电子,26年7月品牌推广活动,776,16.0,15.0,93.75,1,2026-07-01 00:00:00,2026-07-31 23:59:59,品牌推广专区,2
42690,15元精拓金品牌商品券,精拓金,26年7月品牌推广活动,863,16.0,15.0,93.75,1,2026-07-01 00:00:00,2026-07-31 23:59:59,品牌推广专区,2
42692,<品牌新人>15元韩国星炆电子品牌商品券,韩国星炆电子,26年7月品牌推广活动,560,16.0,15.0,93.75,1,2026-07-01 00:00:00,2026-07-31 23:59:59,品牌推广专区,2
42693,<品牌新人>15元锦凌品牌商品券,锦凌,26年7月品牌推广活动,481,16.0,15.0,93.75,1,2026-07-01 00:00:00,2026-07-31 23:59:59,品牌推广专区,2
42694,15元惠源晶工品牌商品券,惠源晶工,26年7月品牌推广活动,281,30.0,15.0,50.0,1,2026-07-01 00:00:00,2026-07-31 23:59:59,品牌推广专区,2
42695,15元晶泰达品牌商品券,晶泰达,26年7月品牌推广活动,771,16.0,15.0,93.75,1,2026-07-01 00:00:00,2026-07-31 23:59:59,品牌推广专区,2
42696,15元思大品牌商品券,思大,26年7月品牌推广活动,826,16.0,15.0,93.75,1,2026-07-01 00:00:00,2026-07-31 23:59:59,品牌推广专区,2
42698,<品牌新人>15元恒晶科技品牌商品券,恒晶科技,26年7月品牌推广活动,547,16.0,15.0,93.75,1,2026-07-01 00:00:00,2026-07-31 23:59:59,品牌推广专区,2
42701,15元明硕品牌商品券,明硕,26年7月品牌推广活动,830,16.0,15.0,93.75,1,2026-07-01 00:00:00,2026-07-31 23:59:59,品牌推广专区,2
42702,15元皋德科技品牌商品券,皋德科技,26年7月品牌推广活动,341,20.0,15.0,75.0,1,2026-07-01 00:00:00,2026-07-31 23:59:59,品牌推广专区,2
42703,15元美禄科技品牌商品券,美禄科技,26年7月品牌推广活动,884,16.0,15.0,93.75,1,2026-07-01 00:00:00,2026-07-31 23:59:59,品牌推广专区,2
42704,15元富港品牌商品券,富港,26年7月品牌推广活动,860,16.0,15.0,93.75,1,2026-07-01 00:00:00,2026-07-31 23:59:59,品牌推广专区,2
42706,15元美格纳品牌商品券,美格纳,26年7月品牌推广活动,781,16.0,15.0,93.75,1,2026-07-01 00:00:00,2026-07-31 23:59:59,品牌推广专区,2
42708,15元韩国韩荣品牌商品券,韩国韩荣,26年7月品牌推广活动,1124,16.0,15.0,93.75,1,2026-07-01 00:00:00,2026-07-31 23:59:59,品牌推广专区,2
42710,15元霍尔微电子品牌商品券,霍尔微电子,26年7月品牌推广活动,737,16.0,15.0,93.75,1,2026-07-01 00:00:00,2026-07-31 23:59:59,品牌推广专区,2
42711,15元勤本品牌指定类目商品券,勤本,26年7月品牌推广活动,762,16.0,15.0,93.75,1,2026-07-01 00:00:00,2026-07-31 23:59:59,品牌推广专区,2
42712,15元辛译品牌商品券,辛译,26年7月品牌推广活动,951,16.0,15.0,93.75,1,2026-07-01 00:00:00,2026-07-31 23:59:59,品牌推广专区,2
42715,15元赫尔半导体品牌商品券,赫尔半导体,26年7月品牌推广活动,787,16.0,15.0,93.75,1,2026-07-01 00:00:00,2026-07-31 23:59:59,品牌推广专区,2
42716,15元乔光电子品牌商品券,乔光电子,26年7月品牌推广活动,290,30.0,15.0,50.0,1,2026-07-01 00:00:00,2026-07-31 23:59:59,品牌推广专区,2
42718,15元华德共创品牌商品券,华德共创,26年7月品牌推广活动,851,16.0,15.0,93.75,1,2026-07-01 00:00:00,2026-07-31 23:59:59,品牌推广专区,2
42719,<品牌新人>15元深海电子品牌商品券,深海电子,26年7月品牌推广活动,547,16.0,15.0,93.75,1,2026-07-01 00:00:00,2026-07-31 23:59:59,品牌推广专区,2
42720,15元恒利泰品牌商品券,恒利泰,26年7月品牌推广活动,791,16.0,15.0,93.75,1,2026-07-01 00:00:00,2026-07-31 23:59:59,品牌推广专区,2
42724,15元领强品牌商品券,领强,26年7月品牌推广活动,714,16.0,15.0,93.75,1,2026-07-01 00:00:00,2026-07-31 23:59:59,品牌推广专区,2
42728,15元灵星芯微品牌商品券,灵星芯微,26年7月品牌推广活动,1141,16.0,15.0,93.75,1,2026-07-01 00:00:00,2026-07-31 23:59:59,品牌推广专区,2
42734,15元华龙品牌商品券,华龙,26年7月品牌推广活动,812,16.0,15.0,93.75,1,2026-07-01 00:00:00,2026-07-31 23:59:59,品牌推广专区,2
42735,15元容强品牌商品券,容强,26年7月品牌推广活动,509,20.0,15.0,75.0,1,2026-07-01 00:00:00,2026-07-31 23:59:59,品牌推广专区,2
42737,15元美森科品牌商品券,美森科,26年7月品牌推广活动,1610,16.0,15.0,93.75,1,2026-07-01 00:00:00,2026-07-31 23:59:59,品牌推广专区,2
42739,15元深圳质超品牌商品券,深圳质超,26年7月品牌推广活动,342,20.0,15.0,75.0,1,2026-07-01 00:00:00,2026-07-31 23:59:59,品牌推广专区,2
42741,15元维尔乐思品牌商品券,维尔乐思,26年7月品牌推广活动,250,30.0,15.0,50.0,1,2026-07-01 00:00:00,2026-07-31 23:59:59,品牌推广专区,2
42742,15元派克微品牌商品券,派克微,26年7月品牌推广活动,797,16.0,15.0,93.75,1,2026-07-01 00:00:00,2026-07-31 23:59:59,品牌推广专区,2
42743,<品牌新人>15元华宇创品牌商品券,华宇创,26年7月品牌推广活动,437,16.0,15.0,93.75,1,2026-07-01 00:00:00,2026-07-31 23:59:59,品牌推广专区,2
42746,15元泓达品牌商品券,泓达,26年7月品牌推广活动,286,30.0,15.0,50.0,1,2026-07-01 00:00:00,2026-07-31 23:59:59,品牌推广专区,2
42747,15元创捷品牌商品券,创捷,26年7月品牌推广活动,798,16.0,15.0,93.75,1,2026-07-01 00:00:00,2026-07-31 23:59:59,品牌推广专区,2
42748,15元致哲品牌商品券,致哲,26年7月品牌推广活动,272,50.0,15.0,30.0,1,2026-07-01 00:00:00,2026-07-31 23:59:59,品牌推广专区,2
42775,15元硕方品牌商品券,硕方,26年7月品牌推广活动,783,16.0,15.0,93.75,1,2026-07-01 00:00:00,2026-07-31 23:59:59,品牌推广专区,2
42803,<品牌新人>15元赢海品牌商品券,赢海,26年7月品牌推广活动,448,16.0,15.0,93.75,1,2026-07-01 00:00:00,2026-07-31 23:59:59,品牌推广专区,2
42805,<商城新人>15元元磁品牌商品券,元磁,26年7月品牌推广活动,48,16.0,15.0,93.75,1,2026-07-01 00:00:00,2026-07-31 23:59:59,品牌推广专区,2
42806,15元先进光品牌商品券,先进光,26年7月品牌推广活动,725,16.0,15.0,93.75,1,2026-07-01 00:00:00,2026-07-31 23:59:59,品牌推广专区,2
42808,15元宝乘品牌商品券,宝乘,26年7月品牌推广活动,848,16.0,15.0,93.75,1,2026-07-01 00:00:00,2026-07-31 23:59:59,品牌推广专区,2
42810,15元高芯电子品牌商品券,高芯电子,26年7月品牌推广活动,756,16.0,15.0,93.75,1,2026-07-01 00:00:00,2026-07-31 23:59:59,品牌推广专区,2
42814,15元康深品牌商品券,康深,26年7月品牌推广活动,752,16.0,15.0,93.75,1,2026-07-01 00:00:00,2026-07-31 23:59:59,品牌推广专区,2
42821,15元华明通品牌商品券,华明通,26年7月品牌推广活动,791,16.0,15.0,93.75,1,2026-07-01 00:00:00,2026-07-31 23:59:59,品牌推广专区,2
42828,15元国晶微半导体品牌商品券,国晶微半导体,26年7月品牌推广活动,788,16.0,15.0,93.75,1,2026-07-01 00:00:00,2026-07-31 23:59:59,品牌推广专区,2
42831,15元里阳半导体品牌商品券,里阳半导体,26年7月品牌推广活动,811,16.0,15.0,93.75,1,2026-07-01 00:00:00,2026-07-31 23:59:59,品牌推广专区,2
42832,15元瑞森半导体品牌商品券,瑞森半导体,26年7月品牌推广活动,352,20.0,15.0,75.0,1,2026-07-01 00:00:00,2026-07-31 23:59:59,品牌推广专区,2
42834,<品牌新人>15元伽盛品牌商品券,伽盛,26年7月品牌推广活动,470,16.0,15.0,93.75,1,2026-07-01 00:00:00,2026-07-31 23:59:59,品牌推广专区,2
42835,15元德利品牌商品券,德利,26年7月品牌推广活动,369,20.0,15.0,75.0,1,2026-07-01 00:00:00,2026-07-31 23:59:59,品牌推广专区,2
42838,15元驰兴电感品牌商品券,驰兴电感,26年7月品牌推广活动,906,16.0,15.0,93.75,1,2026-07-01 00:00:00,2026-07-31 23:59:59,品牌推广专区,2
42841,15元米朗电子品牌商品券,米朗电子,26年7月品牌推广活动,877,16.0,15.0,93.75,1,2026-07-01 00:00:00,2026-07-31 23:59:59,品牌推广专区,2
42855,15元长兴品牌商品券,长兴,26年7月品牌推广活动,793,16.0,15.0,93.75,1,2026-07-01 00:00:00,2026-07-31 23:59:59,品牌推广专区,2
42856,15元深圳汉芯品牌商品券,深圳汉芯,26年7月品牌推广活动,1090,16.0,15.0,93.75,1,2026-07-01 00:00:00,2026-07-31 23:59:59,品牌推广专区,2
42859,15元正芯品牌商品券,正芯,26年7月品牌推广活动,842,16.0,15.0,93.75,1,2026-07-01 00:00:00,2026-07-31 23:59:59,品牌推广专区,2
42863,15元赛亚品牌商品券,赛亚,26年7月品牌推广活动,254,30.0,15.0,50.0,1,2026-07-01 00:00:00,2026-07-31 23:59:59,品牌推广专区,2
42864,15元金比莱品牌商品券,金比莱,26年7月品牌推广活动,258,30.0,15.0,50.0,1,2026-07-01 00:00:00,2026-07-31 23:59:59,品牌推广专区,2
42865,15元长江连接器品牌商品券,长江连接器,26年7月品牌推广活动,896,16.0,15.0,93.75,1,2026-07-01 00:00:00,2026-07-31 23:59:59,品牌推广专区,2
42868,15元芯伯乐品牌商品券,芯伯乐,26年7月品牌推广活动,2024,16.0,15.0,93.75,1,2026-07-01 00:00:00,2026-07-31 23:59:59,品牌推广专区,2
42871,15元增益品牌商品券,增益,26年7月品牌推广活动,900,16.0,15.0,93.75,1,2026-07-01 00:00:00,2026-07-31 23:59:59,品牌推广专区,2
42873,15元雷卯电子品牌商品券,雷卯电子,26年7月品牌推广活动,726,16.0,15.0,93.75,1,2026-07-01 00:00:00,2026-07-31 23:59:59,品牌推广专区,2
42875,<品牌新人>15元伯恩半导体品牌商品券,伯恩半导体,26年7月品牌推广活动,425,16.0,15.0,93.75,1,2026-07-01 00:00:00,2026-07-31 23:59:59,品牌推广专区,2
42876,<品牌新人>15元智芯品牌商品券,智芯,26年7月品牌推广活动,490,16.0,15.0,93.75,1,2026-07-01 00:00:00,2026-07-31 23:59:59,品牌推广专区,2
42880,15元万盛品牌商品券,万盛,26年7月品牌推广活动,736,16.0,15.0,93.75,1,2026-07-01 00:00:00,2026-07-31 23:59:59,品牌推广专区,2
42881,<商城新人>15元腾达电源品牌商品券,腾达电源,26年7月品牌推广活动,40,16.0,15.0,93.75,1,2026-07-01 00:00:00,2026-07-31 23:59:59,品牌推广专区,2
42883,15元星通时频品牌商品券,星通时频,26年7月品牌推广活动,831,16.0,15.0,93.75,1,2026-07-01 00:00:00,2026-07-31 23:59:59,品牌推广专区,2
42884,15元强生光电品牌商品券,强生光电,26年7月品牌推广活动,806,16.0,15.0,93.75,1,2026-07-01 00:00:00,2026-07-31 23:59:59,品牌推广专区,2
42887,<商城新人>15元云星品牌商品券,云星,26年7月品牌推广活动,48,16.0,15.0,93.75,1,2026-07-01 00:00:00,2026-07-31 23:59:59,品牌推广专区,2
42890,15元国睿品牌商品券,国睿,26年7月品牌推广活动,788,16.0,15.0,93.75,1,2026-07-01 00:00:00,2026-07-31 23:59:59,品牌推广专区,2
42892,15元元迪品牌商品券,元迪,26年7月品牌推广活动,813,16.0,15.0,93.75,1,2026-07-01 00:00:00,2026-07-31 23:59:59,品牌推广专区,2
42894,<品牌新人>15元科信品牌商品券,科信,26年7月品牌推广活动,457,16.0,15.0,93.75,1,2026-07-01 00:00:00,2026-07-31 23:59:59,品牌推广专区,2
42896,15元洺太电子品牌商品券,洺太电子,26年7月品牌推广活动,729,16.0,15.0,93.75,1,2026-07-01 00:00:00,2026-07-31 23:59:59,品牌推广专区,2
42897,15元新锐品牌商品券,新锐,26年7月品牌推广活动,1019,16.0,15.0,93.75,1,2026-07-01 00:00:00,2026-07-31 23:59:59,品牌推广专区,2
42899,<品牌新人>15元中逸光品牌商品券,中逸光,26年7月品牌推广活动,412,16.0,15.0,93.75,1,2026-07-01 00:00:00,2026-07-31 23:59:59,品牌推广专区,2
42913,15元如般微品牌商品券,如般微,26年7月品牌推广活动,334,20.0,15.0,75.0,1,2026-07-01 00:00:00,2026-07-31 23:59:59,品牌推广专区,2
42914,<品牌新人>15元乾能惠品牌商品券,乾能惠,26年7月品牌推广活动,482,16.0,15.0,93.75,1,2026-07-01 00:00:00,2026-07-31 23:59:59,品牌推广专区,2
42915,<商城新人>15元金誉品牌商品券,金誉,26年7月品牌推广活动,40,16.0,15.0,93.75,1,2026-07-01 00:00:00,2026-07-31 23:59:59,品牌推广专区,2
42918,15元瑞隆源品牌商品券,瑞隆源,26年7月品牌推广活动,877,16.0,15.0,93.75,1,2026-07-01 00:00:00,2026-07-31 23:59:59,品牌推广专区,2
42919,15元博锡品牌商品券,博锡,26年7月品牌推广活动,915,16.0,15.0,93.75,1,2026-07-01 00:00:00,2026-07-31 23:59:59,品牌推广专区,2
42921,15元兆星品牌商品券,兆星,26年7月品牌推广活动,1226,16.0,15.0,93.75,1,2026-07-01 00:00:00,2026-07-31 23:59:59,品牌推广专区,2
42924,<品牌新人>15元千如品牌商品券,千如,26年7月品牌推广活动,470,16.0,15.0,93.75,1,2026-07-01 00:00:00,2026-07-31 23:59:59,品牌推广专区,2
42925,<品牌新人>15元柯爱亚品牌指定类目商品券,柯爱亚,26年7月品牌推广活动,421,16.0,15.0,93.75,1,2026-07-01 00:00:00,2026-07-31 23:59:59,品牌推广专区,2
42927,<品牌新人>15元长江微电品牌商品券,长江微电,26年7月品牌推广活动,424,16.0,15.0,93.75,1,2026-07-01 00:00:00,2026-07-31 23:59:59,品牌推广专区,2
42929,15元键富品牌商品券,键富,26年7月品牌推广活动,695,16.0,15.0,93.75,1,2026-07-01 00:00:00,2026-07-31 23:59:59,品牌推广专区,2
42932,15元韩下品牌商品券,韩下,26年7月品牌推广活动,1369,16.0,15.0,93.75,1,2026-07-01 00:00:00,2026-07-31 23:59:59,品牌推广专区,2
42933,15元骏晔科技品牌商品券,骏晔科技,26年7月品牌推广活动,746,16.0,15.0,93.75,1,2026-07-01 00:00:00,2026-07-31 23:59:59,品牌推广专区,2
42935,15元聚兴泰品牌商品券,聚兴泰,26年7月品牌推广活动,918,16.0,15.0,93.75,1,2026-07-01 00:00:00,2026-07-31 23:59:59,品牌推广专区,2
42938,15元沃进品牌商品券,沃进,26年7月品牌推广活动,819,16.0,15.0,93.75,1,2026-07-01 00:00:00,2026-07-31 23:59:59,品牌推广专区,2
42939,15元地博电气品牌商品券,地博电气,26年7月品牌推广活动,966,16.0,15.0,93.75,1,2026-07-01 00:00:00,2026-07-31 23:59:59,品牌推广专区,2
42941,<品牌新人>15元冠图电子品牌商品券,冠图电子,26年7月品牌推广活动,481,16.0,15.0,93.75,1,2026-07-01 00:00:00,2026-07-31 23:59:59,品牌推广专区,2
42943,15元汉博品牌商品券,汉博,26年7月品牌推广活动,966,16.0,15.0,93.75,1,2026-07-01 00:00:00,2026-07-31 23:59:59,品牌推广专区,2
42944,15元震东电子品牌商品券,震东电子,26年7月品牌推广活动,264,30.0,15.0,50.0,1,2026-07-01 00:00:00,2026-07-31 23:59:59,品牌推广专区,2
42945,15元鲁晶品牌商品券,鲁晶,26年7月品牌推广活动,287,30.0,15.0,50.0,1,2026-07-01 00:00:00,2026-07-31 23:59:59,品牌推广专区,2
42947,<品牌新人>15元正芯半导体品牌商品券,正芯半导体,26年7月品牌推广活动,471,16.0,15.0,93.75,1,2026-07-01 00:00:00,2026-07-31 23:59:59,品牌推广专区,2
42949,15元恒连品牌商品券,恒连,26年7月品牌推广活动,683,16.0,15.0,93.75,1,2026-07-01 00:00:00,2026-07-31 23:59:59,品牌推广专区,2
42951,15元蝙蝠无线品牌商品券,蝙蝠无线,26年7月品牌推广活动,918,16.0,15.0,93.75,1,2026-07-01 00:00:00,2026-07-31 23:59:59,品牌推广专区,2
42952,15元方舟微品牌商品券,方舟微,26年7月品牌推广活动,721,16.0,15.0,93.75,1,2026-07-01 00:00:00,2026-07-31 23:59:59,品牌推广专区,2
42969,15元国硅集成品牌商品券,国硅集成,26年7月品牌推广活动,714,16.0,15.0,93.75,1,2026-07-01 00:00:00,2026-07-31 23:59:59,品牌推广专区,2
42970,15元安芯微半导体品牌商品券,安芯微半导体,26年7月品牌推广活动,717,16.0,15.0,93.75,1,2026-07-01 00:00:00,2026-07-31 23:59:59,品牌推广专区,2
42971,15元worldsemi品牌商品券,worldsemi,26年7月品牌推广活动,841,16.0,15.0,93.75,1,2026-07-01 00:00:00,2026-07-31 23:59:59,品牌推广专区,2
42972,15元高钺达品牌商品券,高钺达,26年7月品牌推广活动,716,16.0,15.0,93.75,1,2026-07-01 00:00:00,2026-07-31 23:59:59,品牌推广专区,2
42975,15元祥如品牌商品券,祥如,26年7月品牌推广活动,1025,16.0,15.0,93.75,1,2026-07-01 00:00:00,2026-07-31 23:59:59,品牌推广专区,2
42978,15元索瑞达品牌商品券,索瑞达,26年7月品牌推广活动,805,16.0,15.0,93.75,1,2026-07-01 00:00:00,2026-07-31 23:59:59,品牌推广专区,2
42979,15元海芯电子品牌商品券,海芯电子,26年7月品牌推广活动,294,30.0,15.0,50.0,1,2026-07-01 00:00:00,2026-07-31 23:59:59,品牌推广专区,2
42981,<品牌新人>15元立得品牌商品券,立得,26年7月品牌推广活动,464,16.0,15.0,93.75,1,2026-07-01 00:00:00,2026-07-31 23:59:59,品牌推广专区,2
42982,15元SM Switch品牌商品券,SM Switch,26年7月品牌推广活动,762,16.0,15.0,93.75,1,2026-07-01 00:00:00,2026-07-31 23:59:59,品牌推广专区,2
42986,<商城新人>15元华瓷品牌商品券,华瓷,26年7月品牌推广活动,79,16.0,15.0,93.75,1,2026-07-01 00:00:00,2026-07-31 23:59:59,品牌推广专区,2
42988,15元兴飞品牌商品券,兴飞,26年7月品牌推广活动,1426,16.0,15.0,93.75,1,2026-07-01 00:00:00,2026-07-31 23:59:59,品牌推广专区,2
42992,15元谱罗德品牌商品券,谱罗德,26年7月品牌推广活动,919,16.0,15.0,93.75,1,2026-07-01 00:00:00,2026-07-31 23:59:59,品牌推广专区,2
43007,15元匠芯微品牌商品券,匠芯微,26年7月品牌推广活动,709,16.0,15.0,93.75,1,2026-07-01 00:00:00,2026-07-31 23:59:59,品牌推广专区,2
43009,<品牌新人>15元德艺隆品牌商品券,德艺隆,26年7月品牌推广活动,457,16.0,15.0,93.75,1,2026-07-01 00:00:00,2026-07-31 23:59:59,品牌推广专区,2
43011,15元仁懋品牌商品券,仁懋,26年7月品牌推广活动,966,16.0,15.0,93.75,1,2026-07-01 00:00:00,2026-07-31 23:59:59,品牌推广专区,2
43012,15元宇力半导体品牌商品券,宇力半导体,26年7月品牌推广活动,746,16.0,15.0,93.75,1,2026-07-01 00:00:00,2026-07-31 23:59:59,品牌推广专区,2
43013,15元升阳品牌商品券,升阳,26年7月品牌推广活动,839,16.0,15.0,93.75,1,2026-07-01 00:00:00,2026-07-31 23:59:59,品牌推广专区,2
43014,<品牌新人>15元晶光华品牌商品券,晶光华,26年7月品牌推广活动,377,16.0,15.0,93.75,1,2026-07-01 00:00:00,2026-07-31 23:59:59,品牌推广专区,2
43016,15元创都品牌商品券,创都,26年7月品牌推广活动,837,16.0,15.0,93.75,1,2026-07-01 00:00:00,2026-07-31 23:59:59,品牌推广专区,2
43018,15元百容品牌商品券,百容,26年7月品牌推广活动,273,30.0,15.0,50.0,1,2026-07-01 00:00:00,2026-07-31 23:59:59,品牌推广专区,2
43019,15元台湾陆海品牌商品券,台湾陆海,26年7月品牌推广活动,795,16.0,15.0,93.75,1,2026-07-01 00:00:00,2026-07-31 23:59:59,品牌推广专区,2
43020,15元徕飞品牌商品券,徕飞,26年7月品牌推广活动,790,16.0,15.0,93.75,1,2026-07-01 00:00:00,2026-07-31 23:59:59,品牌推广专区,2
43022,15元佰宏品牌商品券,佰宏,26年7月品牌推广活动,860,16.0,15.0,93.75,1,2026-07-01 00:00:00,2026-07-31 23:59:59,品牌推广专区,2
43024,15元绍鑫品牌商品券,绍鑫,26年7月品牌推广活动,716,16.0,15.0,93.75,1,2026-07-01 00:00:00,2026-07-31 23:59:59,品牌推广专区,2
43036,<品牌新人>15元KUU品牌商品券,KUU,26年7月品牌推广活动,412,16.0,15.0,93.75,1,2026-07-01 00:00:00,2026-07-31 23:59:59,品牌推广专区,2
43049,15元敏源传感品牌商品券,敏源传感,26年7月品牌推广活动,762,16.0,15.0,93.75,1,2026-07-01 00:00:00,2026-07-31 23:59:59,品牌推广专区,2
43059,<品牌新人>15元灿科盟品牌商品券,灿科盟,26年7月品牌推广活动,874,16.0,15.0,93.75,1,2026-07-01 00:00:00,2026-07-31 23:59:59,品牌推广专区,2
43062,15元雅晶鑫品牌指定类目商品券,雅晶鑫,26年7月品牌推广活动,907,16.0,15.0,93.75,1,2026-07-01 00:00:00,2026-07-31 23:59:59,品牌推广专区,2
43070,<品牌新人>15元众驰电子品牌商品券,众驰电子,26年7月品牌推广活动,525,16.0,15.0,93.75,1,2026-07-01 00:00:00,2026-07-31 23:59:59,品牌推广专区,2
43073,15元顾邦半导体品牌商品券,顾邦半导体,26年7月品牌推广活动,354,20.0,15.0,75.0,1,2026-07-01 00:00:00,2026-07-31 23:59:59,品牌推广专区,2
43074,<品牌新人>15元鸿瑞凯电子品牌商品券,鸿瑞凯电子,26年7月品牌推广活动,394,16.0,15.0,93.75,1,2026-07-01 00:00:00,2026-07-31 23:59:59,品牌推广专区,2
43079,15元旌芯半导体品牌商品券,旌芯半导体,26年7月品牌推广活动,727,16.0,15.0,93.75,1,2026-07-01 00:00:00,2026-07-31 23:59:59,品牌推广专区,2
43080,<品牌新人>15元浩都频率品牌商品券,浩都频率,26年7月品牌推广活动,450,16.0,15.0,93.75,1,2026-07-01 00:00:00,2026-07-31 23:59:59,品牌推广专区,2
43081,15元爱普微品牌商品券,爱普微,26年7月品牌推广活动,1015,16.0,15.0,93.75,1,2026-07-01 00:00:00,2026-07-31 23:59:59,品牌推广专区,2
43083,15元旭昌辉品牌商品券,旭昌辉,26年7月品牌推广活动,1004,16.0,15.0,93.75,1,2026-07-01 00:00:00,2026-07-31 23:59:59,品牌推广专区,2
43086,15元合科泰品牌商品券,合科泰,26年7月品牌推广活动,912,16.0,15.0,93.75,1,2026-07-01 00:00:00,2026-07-31 23:59:59,品牌推广专区,2
43087,15元富芯森美品牌商品券,富芯森美,26年7月品牌推广活动,954,16.0,15.0,93.75,1,2026-07-01 00:00:00,2026-07-31 23:59:59,品牌推广专区,2
43089,15元福芯微品牌商品券,福芯微,26年7月品牌推广活动,739,16.0,15.0,93.75,1,2026-07-01 00:00:00,2026-07-31 23:59:59,品牌推广专区,2
43097,15元杰盛微品牌商品券,杰盛微,26年7月品牌推广活动,2288,16.0,15.0,93.75,1,2026-07-01 00:00:00,2026-07-31 23:59:59,品牌推广专区,2
43101,15元磁联达品牌商品券,磁联达,26年7月品牌推广活动,836,16.0,15.0,93.75,1,2026-07-01 00:00:00,2026-07-31 23:59:59,品牌推广专区,2
43103,15元德律风根品牌商品券,德律风根,26年7月品牌推广活动,691,16.0,15.0,93.75,1,2026-07-01 00:00:00,2026-07-31 23:59:59,品牌推广专区,2
43104,15元天源品牌商品券,天源,26年7月品牌推广活动,735,16.0,15.0,93.75,1,2026-07-01 00:00:00,2026-07-31 23:59:59,品牌推广专区,2
43105,<品牌新人>15元健特品牌商品券,健特,26年7月品牌推广活动,463,16.0,15.0,93.75,1,2026-07-01 00:00:00,2026-07-31 23:59:59,品牌推广专区,2
43107,15元瓴科微品牌商品券,瓴科微,26年7月品牌推广活动,282,30.0,15.0,50.0,1,2026-07-01 00:00:00,2026-07-31 23:59:59,品牌推广专区,2
43110,15元成兴光品牌商品券,成兴光,26年7月品牌推广活动,1216,16.0,15.0,93.75,1,2026-07-01 00:00:00,2026-07-31 23:59:59,品牌推广专区,2
43111,15元尼博星品牌商品券,尼博星,26年7月品牌推广活动,729,16.0,15.0,93.75,1,2026-07-01 00:00:00,2026-07-31 23:59:59,品牌推广专区,2
43112,<品牌新人>15元佑风微品牌商品券,佑风微,26年7月品牌推广活动,382,16.0,15.0,93.75,1,2026-07-01 00:00:00,2026-07-31 23:59:59,品牌推广专区,2
43114,15元台冠电子品牌商品券,台冠电子,26年7月品牌推广活动,727,16.0,15.0,93.75,1,2026-07-01 00:00:00,2026-07-31 23:59:59,品牌推广专区,2
43116,15元纽航品牌商品券,纽航,26年7月品牌推广活动,803,16.0,15.0,93.75,1,2026-07-01 00:00:00,2026-07-31 23:59:59,品牌推广专区,2
43119,15元钜兴品牌商品券,钜兴,26年7月品牌推广活动,834,16.0,15.0,93.75,1,2026-07-01 00:00:00,2026-07-31 23:59:59,品牌推广专区,2
43121,15元旭茂微品牌商品券,旭茂微,26年7月品牌推广活动,764,16.0,15.0,93.75,1,2026-07-01 00:00:00,2026-07-31 23:59:59,品牌推广专区,2
43124,15元拓展光电品牌商品券,拓展光电,26年7月品牌推广活动,1029,16.0,15.0,93.75,1,2026-07-01 00:00:00,2026-07-31 23:59:59,品牌推广专区,2
43126,15元欧思科光电品牌商品券,欧思科光电,26年7月品牌推广活动,388,16.0,15.0,93.75,1,2026-07-01 00:00:00,2026-07-31 23:59:59,品牌推广专区,2
43127,15元欧密格光电品牌商品券,欧密格光电,26年7月品牌推广活动,351,20.0,15.0,75.0,1,2026-07-01 00:00:00,2026-07-31 23:59:59,品牌推广专区,2
43129,15元赛卓品牌商品券,赛卓,26年7月品牌推广活动,286,23.0,15.0,65.22,1,2026-07-01 00:00:00,2026-07-31 23:59:59,品牌推广专区,2
43130,15元米高莱品牌商品券,米高莱,26年7月品牌推广活动,296,20.0,15.0,75.0,1,2026-07-01 00:00:00,2026-07-31 23:59:59,品牌推广专区,2
43131,15元QLRELAY品牌商品券,QLRELAY,26年7月品牌推广活动,328,20.0,15.0,75.0,1,2026-07-01 00:00:00,2026-07-31 23:59:59,品牌推广专区,2
43132,<品牌新人>15元迈翔科技品牌商品券,迈翔科技,26年7月品牌推广活动,490,16.0,15.0,93.75,1,2026-07-01 00:00:00,2026-07-31 23:59:59,品牌推广专区,2
43133,15元方成品牌商品券,方成,26年7月品牌推广活动,248,100.0,15.0,15.0,1,2026-07-01 00:00:00,2026-07-31 23:59:59,品牌推广专区,2
43136,<品牌新人>15元森美特品牌商品券,森美特,26年7月品牌推广活动,421,16.0,15.0,93.75,1,2026-07-01 00:00:00,2026-07-31 23:59:59,品牌推广专区,2
43138,15元经纬达品牌商品券,经纬达,26年7月品牌推广活动,260,30.0,15.0,50.0,1,2026-07-01 00:00:00,2026-07-31 23:59:59,品牌推广专区,2
43139,<品牌新人>15元时科品牌商品券,时科,26年7月品牌推广活动,612,16.0,15.0,93.75,1,2026-07-01 00:00:00,2026-07-31 23:59:59,品牌推广专区,2
43141,15元硅传科技品牌商品券,硅传科技,26年7月品牌推广活动,279,30.0,15.0,50.0,1,2026-07-01 00:00:00,2026-07-31 23:59:59,品牌推广专区,2
43142,<品牌新人>15元益嘉源品牌商品券,益嘉源,26年7月品牌推广活动,412,16.0,15.0,93.75,1,2026-07-01 00:00:00,2026-07-31 23:59:59,品牌推广专区,2
43144,15元统佳品牌商品券,统佳,26年7月品牌推广活动,837,16.0,15.0,93.75,1,2026-07-01 00:00:00,2026-07-31 23:59:59,品牌推广专区,2
43146,15元奥特品牌商品券,奥特,26年7月品牌推广活动,1676,16.0,15.0,93.75,1,2026-07-01 00:00:00,2026-07-31 23:59:59,品牌推广专区,2
43148,15元恒拓电子品牌商品券,恒拓电子,26年7月品牌推广活动,812,20.0,15.0,75.0,1,2026-07-01 00:00:00,2026-07-31 23:59:59,品牌推广专区,2
43150,15元泰晶品牌商品券,泰晶,26年7月品牌推广活动,746,16.0,15.0,93.75,1,2026-07-01 00:00:00,2026-07-31 23:59:59,品牌推广专区,2
43152,15元中科无线品牌商品券,中科无线,26年7月品牌推广活动,742,16.0,15.0,93.75,1,2026-07-01 00:00:00,2026-07-31 23:59:59,品牌推广专区,2
43154,<商城新人>15元美铼品牌商品券,美铼,26年7月品牌推广活动,42,16.0,15.0,93.75,1,2026-07-01 00:00:00,2026-07-31 23:59:59,品牌推广专区,2
43155,15元科或品牌商品券,科或,26年7月品牌推广活动,749,16.0,15.0,93.75,1,2026-07-01 00:00:00,2026-07-31 23:59:59,品牌推广专区,2
43156,<品牌新人>15元宏业品牌商品券,宏业,26年7月品牌推广活动,480,16.0,15.0,93.75,1,2026-07-01 00:00:00,2026-07-31 23:59:59,品牌推广专区,2
43157,15元创容品牌商品券,创容,26年7月品牌推广活动,730,16.0,15.0,93.75,1,2026-07-01 00:00:00,2026-07-31 23:59:59,品牌推广专区,2
43158,15元岑科品牌商品券,岑科,26年7月品牌推广活动,353,20.0,15.0,75.0,1,2026-07-01 00:00:00,2026-07-31 23:59:59,品牌推广专区,2
43160,15元钜硕电子品牌商品券,钜硕电子,26年7月品牌推广活动,991,16.0,15.0,93.75,1,2026-07-01 00:00:00,2026-07-31 23:59:59,品牌推广专区,2
43162,15元光彩显示品牌商品券,光彩显示,26年7月品牌推广活动,786,16.0,15.0,93.75,1,2026-07-01 00:00:00,2026-07-31 23:59:59,品牌推广专区,2
43163,15元德旭电子品牌商品券,德旭电子,26年7月品牌推广活动,777,16.0,15.0,93.75,1,2026-07-01 00:00:00,2026-07-31 23:59:59,品牌推广专区,2
43164,<商城新人>15元索斯特品牌指定类目商品券,索斯特,26年7月品牌推广活动,22,30.0,15.0,50.0,1,2026-07-01 00:00:00,2026-07-31 23:59:59,品牌推广专区,2
43165,15元VISOM品牌商品券,VISOM,26年7月品牌推广活动,707,16.0,15.0,93.75,1,2026-07-01 00:00:00,2026-07-31 23:59:59,品牌推广专区,2
43167,15元线易品牌商品券,线易,26年7月品牌推广活动,749,16.0,15.0,93.75,1,2026-07-01 00:00:00,2026-07-31 23:59:59,品牌推广专区,2
43169,15元微硕品牌指定类目商品券,微硕,26年7月品牌推广活动,915,16.0,15.0,93.75,1,2026-07-01 00:00:00,2026-07-31 23:59:59,品牌推广专区,2
43170,15元迪嘉品牌商品券,迪嘉,26年7月品牌推广活动,1059,16.0,15.0,93.75,1,2026-07-01 00:00:00,2026-07-31 23:59:59,品牌推广专区,2
43173,15元南京国微品牌商品券,南京国微,26年7月品牌推广活动,365,20.0,15.0,75.0,1,2026-07-01 00:00:00,2026-07-31 23:59:59,品牌推广专区,2
43179,<品牌新人>15元朗瑞品牌商品券,朗瑞,26年7月品牌推广活动,446,16.0,15.0,93.75,1,2026-07-01 00:00:00,2026-07-31 23:59:59,品牌推广专区,2
43185,15元台舟品牌商品券,台舟,26年7月品牌推广活动,1526,16.0,15.0,93.75,1,2026-07-01 00:00:00,2026-07-31 23:59:59,品牌推广专区,2
43186,15元晶友嘉品牌商品券,晶友嘉,26年7月品牌推广活动,751,16.0,15.0,93.75,1,2026-07-01 00:00:00,2026-07-31 23:59:59,品牌推广专区,2
43187,<商城新人>15元屹晶微品牌商品券,屹晶微,26年7月品牌推广活动,45,16.0,15.0,93.75,1,2026-07-01 00:00:00,2026-07-31 23:59:59,品牌推广专区,2
43188,15元凯越翔品牌商品券,凯越翔,26年7月品牌推广活动,782,16.0,15.0,93.75,1,2026-07-01 00:00:00,2026-07-31 23:59:59,品牌推广专区,2
43190,<品牌新人>15元蓝晶品牌商品券,蓝晶,26年7月品牌推广活动,442,16.0,15.0,93.75,1,2026-07-01 00:00:00,2026-07-31 23:59:59,品牌推广专区,2
43202,15元绿微品牌商品券,绿微,26年7月品牌推广活动,250,16.0,15.0,93.75,1,2026-07-01 00:00:00,2026-07-31 23:59:59,品牌推广专区,2
43215,<品牌新人>15元永裕泰品牌首单商品券,永裕泰,26年7月品牌推广活动,109,16.0,15.0,93.75,1,2026-07-01 00:00:00,2026-07-31 23:59:59,品牌推广专区,2
43216,15元德尔创品牌商品券,德尔创,26年7月品牌推广活动,283,16.0,15.0,93.75,1,2026-07-01 00:00:00,2026-07-31 23:59:59,品牌推广专区,2
43219,15元宝特品牌商品券,宝特,26年7月品牌推广活动,228,16.0,15.0,93.75,1,2026-07-01 00:00:00,2026-07-31 23:59:59,品牌推广专区,2
43221,15元摩天射频品牌商品券,摩天射频,26年7月品牌推广活动,210,16.0,15.0,93.75,1,2026-07-01 00:00:00,2026-07-31 23:59:59,品牌推广专区,2
43223,15元航昱微品牌商品券,航昱微,26年7月品牌推广活动,208,16.0,15.0,93.75,1,2026-07-01 00:00:00,2026-07-31 23:59:59,品牌推广专区,2
43225,15元乐瓦微电子品牌商品券,乐瓦微电子,26年7月品牌推广活动,223,16.0,15.0,93.75,1,2026-07-01 00:00:00,2026-07-31 23:59:59,品牌推广专区,2
43227,<品牌新人>15元聆麦声学品牌商品券,聆麦声学,26年7月品牌推广活动,132,16.0,15.0,93.75,1,2026-07-01 00:00:00,2026-07-31 23:59:59,品牌推广专区,2
43229,15元康森斯克品牌商品券,康森斯克,26年7月品牌推广活动,202,16.0,15.0,93.75,1,2026-07-01 00:00:00,2026-07-31 23:59:59,品牌推广专区,2
43231,<品牌新人>15元申风品牌商品券,申风,26年7月品牌推广活动,134,16.0,15.0,93.75,1,2026-07-01 00:00:00,2026-07-31 23:59:59,品牌推广专区,2
43233,15元讯答品牌商品券,讯答,26年7月品牌推广活动,232,16.0,15.0,93.75,1,2026-07-01 00:00:00,2026-07-31 23:59:59,品牌推广专区,2
43235,15元芯鼎盛品牌商品券,芯鼎盛,26年7月品牌推广活动,254,16.0,15.0,93.75,1,2026-07-01 00:00:00,2026-07-31 23:59:59,品牌推广专区,2
43237,<品牌新人>15元拓电半导体品牌商品券,拓电半导体,26年7月品牌推广活动,123,16.0,15.0,93.75,1,2026-07-01 00:00:00,2026-07-31 23:59:59,品牌推广专区,2
43239,15元静芯品牌商品券,静芯,26年7月品牌推广活动,337,16.0,15.0,93.75,1,2026-07-01 00:00:00,2026-07-31 23:59:59,品牌推广专区,2
43241,15元友台半导体品牌商品券,友台半导体,26年7月品牌推广活动,789,16.0,15.0,93.75,1,2026-07-01 00:00:00,2026-07-31 23:59:59,品牌推广专区,2
43246,15元科泰普品牌商品券,科泰普,26年7月品牌推广活动,445,16.0,15.0,93.75,1,2026-07-01 00:00:00,2026-07-31 23:59:59,品牌推广专区,2
43248,15元芯昌科技品牌商品券,芯昌科技,26年7月品牌推广活动,223,16.0,15.0,93.75,1,2026-07-01 00:00:00,2026-07-31 23:59:59,品牌推广专区,2
43249,15元安碁科技品牌商品券,安碁科技,26年7月品牌推广活动,209,16.0,15.0,93.75,1,2026-07-01 00:00:00,2026-07-31 23:59:59,品牌推广专区,2
43262,15元富信品牌商品券,富捷/富信,26年7月品牌推广活动,121,16.0,15.0,93.75,1,2026-07-01 00:00:00,2026-07-31 23:59:59,品牌推广专区,2
43264,15元鑫亿晶科技品牌指定类目商品券,鑫亿晶科技,26年7月品牌推广活动,94,16.0,15.0,93.75,1,2026-07-01 00:00:00,2026-07-31 23:59:59,品牌推广专区,2
43265,15元杭晶品牌商品券,杭晶,26年7月品牌推广活动,159,16.0,15.0,93.75,1,2026-07-01 00:00:00,2026-07-31 23:59:59,品牌推广专区,2
43268,<品牌新人>15元同晶品牌指定类目商品券,同晶,26年7月品牌推广活动,64,16.0,15.0,93.75,1,2026-07-01 00:00:00,2026-07-31 23:59:59,品牌推广专区,2
43269,<商城新人>15元鸿源精密品牌商品券,鸿源精密,26年7月品牌推广活动,6,16.0,15.0,93.75,1,2026-07-01 00:00:00,2026-07-31 23:59:59,品牌推广专区,2
43274,15元国连品牌商品券,国连,26年7月品牌推广活动,125,16.0,15.0,93.75,1,2026-07-01 00:00:00,2026-07-31 23:59:59,品牌推广专区,2
43275,<品牌新人>15元毅芯达品牌商品券,毅芯达,26年7月品牌推广活动,62,16.0,15.0,93.75,1,2026-07-01 00:00:00,2026-07-31 23:59:59,品牌推广专区,2
43280,15元华灿天禄品牌商品券,华灿天禄,26年7月品牌推广活动,252,16.0,15.0,93.75,1,2026-07-01 00:00:00,2026-07-31 23:59:59,品牌推广专区,2
43281,<品牌新人>15元连欣科技品牌商品券,连欣科技,26年7月品牌推广活动,60,16.0,15.0,93.75,1,2026-07-01 00:00:00,2026-07-31 23:59:59,品牌推广专区,2
43287,<商城新人>15元中国星坤品牌指定类目商品券,中国星坤,26年7月品牌推广活动,9,16.0,15.0,93.75,1,2026-07-01 00:00:00,2026-07-31 23:59:59,品牌推广专区,2
43290,15元汇智品牌商品券,汇智,26年7月品牌推广活动,130,16.0,15.0,93.75,1,2026-07-01 00:00:00,2026-07-31 23:59:59,品牌推广专区,2
42219,6月~ 8月面板免费打样券,面板打印券,面板定制6-8月免费打样活动,6631,0.0,70.0,100.0,1,,,品牌推广专区,2
42750,10元瀚源品牌运费券,瀚源,26年7月品牌运费券活动,277,500.0,10.0,2.0,1,2026-07-01 00:00:00,2026-07-31 23:59:59,品牌推广专区,2
42957,10元赛亚品牌运费券,赛亚,26年7月品牌运费券活动,231,100.0,10.0,10.0,1,2026-07-01 00:00:00,2026-07-31 23:59:59,品牌推广专区,2
43095,10元绍鑫品牌运费券,绍鑫,26年7月品牌运费券活动,232,100.0,10.0,10.0,1,2026-07-01 00:00:00,2026-07-31 23:59:59,品牌推广专区,2
42955,9元芯伯乐品牌运费券,芯伯乐,26年7月品牌运费券活动,287,50.0,9.0,18.0,1,2026-07-01 00:00:00,2026-07-31 23:59:59,品牌推广专区,2
43094,9元爱普微品牌运费券,爱普微,26年7月品牌运费券活动,271,55.0,9.0,16.36,1,2026-07-01 00:00:00,2026-07-31 23:59:59,品牌推广专区,2
43177,9元绿微品牌运费券,绿微,26年7月品牌运费券活动,238,50.0,9.0,18.0,1,2026-07-01 00:00:00,2026-07-31 23:59:59,品牌推广专区,2
42753,8元台普品牌运费券,台普,26年7月品牌运费券活动,226,58.0,8.0,13.79,1,2026-07-01 00:00:00,2026-07-31 23:59:59,品牌推广专区,2
42755,8元固得沃克品牌运费券,固得沃克,26年7月品牌运费券活动,345,88.0,8.0,9.09,1,2026-07-01 00:00:00,2026-07-31 23:59:59,品牌推广专区,2
42756,8元品赞品牌运费券,品赞,26年7月品牌运费券活动,275,88.0,8.0,9.09,1,2026-07-01 00:00:00,2026-07-31 23:59:59,品牌推广专区,2
42757,8元华轩阳电子品牌运费券,华轩阳电子,26年7月品牌运费券活动,350,88.0,8.0,9.09,1,2026-07-01 00:00:00,2026-07-31 23:59:59,品牌推广专区,2
42758,8元讯普品牌运费券,讯普,26年7月品牌运费券活动,334,88.0,8.0,9.09,1,2026-07-01 00:00:00,2026-07-31 23:59:59,品牌推广专区,2
42958,8元华明通品牌运费券,华明通,26年7月品牌运费券活动,223,88.0,8.0,9.09,1,2026-07-01 00:00:00,2026-07-31 23:59:59,品牌推广专区,2
42959,8元辛译品牌运费券,辛译,26年7月品牌运费券活动,241,88.0,8.0,9.09,1,2026-07-01 00:00:00,2026-07-31 23:59:59,品牌推广专区,2
42749,7元宝讯品牌运费券,宝讯,26年7月品牌运费券活动,239,100.0,7.0,7.0,1,2026-07-01 00:00:00,2026-07-31 23:59:59,品牌推广专区,2
42956,7元康深品牌运费券,康深,26年7月品牌运费券活动,207,500.0,7.0,1.4,1,2026-07-01 00:00:00,2026-07-31 23:59:59,品牌推广专区,2
42751,6元陆特品牌运费券,陆特,26年7月品牌运费券活动,398,10.0,6.0,60.0,1,2026-07-01 00:00:00,2026-07-31 23:59:59,品牌推广专区,2
42752,6元金航标品牌运费券,金航标,26年7月品牌运费券活动,279,100.0,6.0,6.0,1,2026-07-01 00:00:00,2026-07-31 23:59:59,品牌推广专区,2
42954,6元韩下品牌运费券,韩下,26年7月品牌运费券活动,393,20.0,6.0,30.0,1,2026-07-01 00:00:00,2026-07-31 23:59:59,品牌推广专区,2
42960,6元首韩品牌运费券,首韩,26年7月品牌运费券活动,462,30.0,6.0,20.0,1,2026-07-01 00:00:00,2026-07-31 23:59:59,品牌推广专区,2
42994,6元聚兴泰品牌运费券,聚兴泰,26年7月品牌运费券活动,253,50.0,6.0,12.0,1,2026-07-01 00:00:00,2026-07-31 23:59:59,品牌推广专区,2
43176,6元华橙熊猫品牌运费券,华橙熊猫,26年7月品牌运费券活动,304,50.0,6.0,12.0,1,2026-07-01 00:00:00,2026-07-31 23:59:59,品牌推广专区,2
42581,指定物料专属9折券,辰达半导体,26年7月品牌推广活动,270,6.0,0.0,10.0,1,2026-07-01 00:00:00,2026-07-31 23:59:59,品牌推广专区,2
42733,赢海品牌9.5折折扣券,赢海,26年7月品牌推广活动,203,500.0,0.0,5.0,1,2026-07-01 00:00:00,2026-07-31 23:59:59,品牌推广专区,2
43261,400元合作库存专属商品券,商品券,2026年7月立创订货优惠券活动,157,30000.0,400.0,1.33,1,2026-07-01 00:00:00,2026-07-31 23:59:59,品牌推广专区,2
42546,200元虹成电子品牌商品券,虹成电子,26年7月品牌推广活动,217,1000.0,200.0,20.0,1,2026-07-01 00:00:00,2026-07-31 23:59:59,品牌推广专区,2
42522,188元讯普品牌商品券,讯普,26年7月品牌推广活动,245,2000.0,188.0,9.4,1,2026-07-01 00:00:00,2026-07-31 23:59:59,品牌推广专区,2
42570,150元六钧品牌商品券,六钧,26年7月品牌推广活动,170,500.0,150.0,30.0,1,2026-07-01 00:00:00,2026-07-31 23:59:59,品牌推广专区,2
42572,150元皓宇电子品牌商品券,皓宇电子,26年7月品牌推广活动,175,500.0,150.0,30.0,1,2026-07-01 00:00:00,2026-07-31 23:59:59,品牌推广专区,2
42610,150元富捷品牌商品券,富捷,26年7月品牌推广活动,649,1000.0,150.0,15.0,1,2026-07-01 00:00:00,2026-07-31 23:59:59,品牌推广专区,2
42928,150元长江微电品牌商品券,长江微电,26年7月品牌推广活动,266,1000.0,150.0,15.0,1,2026-07-01 00:00:00,2026-07-31 23:59:59,品牌推广专区,2
43137,150元森美特品牌商品券,森美特,26年7月品牌推广活动,186,1000.0,150.0,15.0,1,2026-07-01 00:00:00,2026-07-31 23:59:59,品牌推广专区,2
43143,150元益嘉源品牌商品券,益嘉源,26年7月品牌推广活动,225,1000.0,150.0,15.0,1,2026-07-01 00:00:00,2026-07-31 23:59:59,品牌推广专区,2
43236,150元芯鼎盛品牌商品券,芯鼎盛,26年7月品牌推广活动,63,1000.0,150.0,15.0,1,2026-07-01 00:00:00,2026-07-31 23:59:59,品牌推广专区,2
42671,120元达普品牌商品券,达普,26年7月品牌推广活动,179,2000.0,120.0,6.0,1,2026-07-01 00:00:00,2026-07-31 23:59:59,品牌推广专区,2
42736,120元容强品牌商品券,容强,26年7月品牌推广活动,247,1000.0,120.0,12.0,1,2026-07-01 00:00:00,2026-07-31 23:59:59,品牌推广专区,2
43078,120元旌芯半导体品牌商品券,旌芯半导体,26年7月品牌推广活动,180,1000.0,120.0,12.0,1,2026-07-01 00:00:00,2026-07-31 23:59:59,品牌推广专区,2
43161,120元钜硕电子品牌商品券,钜硕电子,26年7月品牌推广活动,228,1000.0,120.0,12.0,1,2026-07-01 00:00:00,2026-07-31 23:59:59,品牌推广专区,2
42520,100元金航标品牌商品券,金航标,26年7月品牌推广活动,204,1000.0,100.0,10.0,1,2026-07-01 00:00:00,2026-07-31 23:59:59,品牌推广专区,2
42532,100元杜因特品牌商品券,杜因特,26年7月品牌推广活动,174,1000.0,100.0,10.0,1,2026-07-01 00:00:00,2026-07-31 23:59:59,品牌推广专区,2
42551,100元品赞品牌商品券,品赞,26年7月品牌推广活动,196,1000.0,100.0,10.0,1,2026-07-01 00:00:00,2026-07-31 23:59:59,品牌推广专区,2
42580,100元捷而瑞品牌商品券,捷而瑞,26年7月品牌推广活动,263,1000.0,100.0,10.0,1,2026-07-01 00:00:00,2026-07-31 23:59:59,品牌推广专区,2
42588,100元芯联创展品牌商品券,芯联创展,26年7月品牌推广活动,161,1000.0,100.0,10.0,1,2026-07-01 00:00:00,2026-07-31 23:59:59,品牌推广专区,2
42620,100元顺翔诺品牌商品券,顺翔诺,26年7月品牌推广活动,202,1000.0,100.0,10.0,1,2026-07-01 00:00:00,2026-07-31 23:59:59,品牌推广专区,2
42634,100元开步睿思品牌商品券,开步睿思,26年7月品牌推广活动,191,1000.0,100.0,10.0,1,2026-07-01 00:00:00,2026-07-31 23:59:59,品牌推广专区,2
42649,100元圣融达品牌商品券,圣融达,26年7月品牌推广活动,179,1000.0,100.0,10.0,1,2026-07-01 00:00:00,2026-07-31 23:59:59,品牌推广专区,2
42669,100元萨科微品牌商品券,萨科微,26年7月品牌推广活动,227,1000.0,100.0,10.0,1,2026-07-01 00:00:00,2026-07-31 23:59:59,品牌推广专区,2
42707,100元硕方品牌商品券,硕方,26年7月品牌推广活动,177,1000.0,100.0,10.0,1,2026-07-01 00:00:00,2026-07-31 23:59:59,品牌推广专区,2
42723,100元鼎德丰品牌商品券,鼎德丰,26年7月品牌推广活动,170,1000.0,100.0,10.0,1,2026-07-01 00:00:00,2026-07-31 23:59:59,品牌推广专区,2
42727,100元温达电子品牌商品券,温达电子,26年7月品牌推广活动,169,1000.0,100.0,10.0,1,2026-07-01 00:00:00,2026-07-31 23:59:59,品牌推广专区,2
42827,100元台舟品牌商品券,台舟,26年7月品牌推广活动,268,1000.0,100.0,10.0,1,2026-07-01 00:00:00,2026-07-31 23:59:59,品牌推广专区,2
42836,100元德利品牌商品券,德利,26年7月品牌推广活动,183,1000.0,100.0,10.0,1,2026-07-01 00:00:00,2026-07-31 23:59:59,品牌推广专区,2
42858,100元扬贺扬品牌商品券,扬贺扬,26年7月品牌推广活动,167,1000.0,100.0,10.0,1,2026-07-01 00:00:00,2026-07-31 23:59:59,品牌推广专区,2
42862,100元创基品牌商品券,创基,26年7月品牌推广活动,175,1000.0,100.0,10.0,1,2026-07-01 00:00:00,2026-07-31 23:59:59,品牌推广专区,2
42874,100元伯恩半导体品牌商品券,伯恩半导体,26年7月品牌推广活动,225,1000.0,100.0,10.0,1,2026-07-01 00:00:00,2026-07-31 23:59:59,品牌推广专区,2
42950,100元蝙蝠无线品牌商品券,蝙蝠无线,26年7月品牌推广活动,199,1000.0,100.0,10.0,1,2026-07-01 00:00:00,2026-07-31 23:59:59,品牌推广专区,2
43082,100元爱普微品牌商品券,爱普微,26年7月品牌推广活动,221,300.0,100.0,33.33,1,2026-07-01 00:00:00,2026-07-31 23:59:59,品牌推广专区,2
43090,100元福芯微品牌商品券,福芯微,26年7月品牌推广活动,169,1000.0,100.0,10.0,1,2026-07-01 00:00:00,2026-07-31 23:59:59,品牌推广专区,2
43098,100元杰盛微品牌商品券,杰盛微,26年7月品牌推广活动,313,1000.0,100.0,10.0,1,2026-07-01 00:00:00,2026-07-31 23:59:59,品牌推广专区,2
43102,100元磁联达品牌商品券,磁联达,26年7月品牌推广活动,186,1000.0,100.0,10.0,1,2026-07-01 00:00:00,2026-07-31 23:59:59,品牌推广专区,2
43120,100元钜兴品牌商品券,钜兴,26年7月品牌推广活动,200,500.0,100.0,20.0,1,2026-07-01 00:00:00,2026-07-31 23:59:59,品牌推广专区,2
43123,100元矽普品牌商品券,矽普,26年7月品牌推广活动,183,1000.0,100.0,10.0,1,2026-07-01 00:00:00,2026-07-31 23:59:59,品牌推广专区,2
43168,100元微硕品牌指定类目商品券,微硕,26年7月品牌推广活动,188,300.0,100.0,33.33,1,2026-07-01 00:00:00,2026-07-31 23:59:59,品牌推广专区,2
43218,100元美佳音品牌商品券,美佳音,26年7月品牌推广活动,55,2000.0,100.0,5.0,1,2026-07-01 00:00:00,2026-07-31 23:59:59,品牌推广专区,2
43220,100元摩天射频品牌商品券,摩天射频,26年7月品牌推广活动,56,1000.0,100.0,10.0,1,2026-07-01 00:00:00,2026-07-31 23:59:59,品牌推广专区,2
43222,<品牌新人>100元万象奥科品牌商品券,万象奥科,26年7月品牌推广活动,49,500.0,100.0,20.0,1,2026-07-01 00:00:00,2026-07-31 23:59:59,品牌推广专区,2
43251,100元宏嘉诚品牌商品券,宏嘉诚,26年7月品牌推广活动,122,1000.0,100.0,10.0,1,2026-07-01 00:00:00,2026-07-31 23:59:59,品牌推广专区,2
43263,100元富信品牌商品券,富捷/富信,26年7月品牌推广活动,27,1000.0,100.0,10.0,1,2026-07-01 00:00:00,2026-07-31 23:59:59,品牌推广专区,2
43279,100元华灿天禄品牌商品券,华灿天禄,26年7月品牌推广活动,38,1000.0,100.0,10.0,1,2026-07-01 00:00:00,2026-07-31 23:59:59,品牌推广专区,2
42561,80元顺磁品牌商品券,顺磁,26年7月品牌推广活动,198,1000.0,80.0,8.0,1,2026-07-01 00:00:00,2026-07-31 23:59:59,品牌推广专区,2
42867,80元芯感智品牌商品券,芯感智,26年7月品牌推广活动,177,500.0,80.0,16.0,1,2026-07-01 00:00:00,2026-07-31 23:59:59,品牌推广专区,2
42885,80元强生光电品牌商品券,强生光电,26年7月品牌推广活动,173,1000.0,80.0,8.0,1,2026-07-01 00:00:00,2026-07-31 23:59:59,品牌推广专区,2
42886,<商城新人>80元云星品牌商品券,云星,26年7月品牌推广活动,21,1000.0,80.0,8.0,1,2026-07-01 00:00:00,2026-07-31 23:59:59,品牌推广专区,2
43096,80元祥如品牌商品券,祥如,26年7月品牌推广活动,207,300.0,80.0,26.67,1,2026-07-01 00:00:00,2026-07-31 23:59:59,品牌推广专区,2
43247,80元芯昌科技品牌商品券,芯昌科技,26年7月品牌推广活动,56,1000.0,80.0,8.0,1,2026-07-01 00:00:00,2026-07-31 23:59:59,品牌推广专区,2
42667,60元晶扬电子品牌商品券,晶扬电子,26年7月品牌推广活动,187,300.0,60.0,20.0,1,2026-07-01 00:00:00,2026-07-31 23:59:59,品牌推广专区,2
42691,60元精拓金品牌商品券,精拓金,26年7月品牌推广活动,183,1000.0,60.0,6.0,1,2026-07-01 00:00:00,2026-07-31 23:59:59,品牌推广专区,2
42709,60元韩国韩荣品牌商品券,韩国韩荣,26年7月品牌推广活动,230,500.0,60.0,12.0,1,2026-07-01 00:00:00,2026-07-31 23:59:59,品牌推广专区,2
43134,60元方成品牌商品券,方成,26年7月品牌推广活动,176,600.0,60.0,10.0,1,2026-07-01 00:00:00,2026-07-31 23:59:59,品牌推广专区,2
42518,50元台普品牌商品券,台普,26年7月品牌推广活动,179,200.0,50.0,25.0,1,2026-07-01 00:00:00,2026-07-31 23:59:59,品牌推广专区,2
42542,50元德索五金品牌商品券,德索五金,26年7月品牌推广活动,160,500.0,50.0,10.0,1,2026-07-01 00:00:00,2026-07-31 23:59:59,品牌推广专区,2
42547,50元固得沃克品牌商品券,固得沃克,26年7月品牌推广活动,317,200.0,50.0,25.0,1,2026-07-01 00:00:00,2026-07-31 23:59:59,品牌推广专区,2
42557,50元华轩阳电子品牌商品券,华轩阳电子,26年7月品牌推广活动,290,200.0,50.0,25.0,1,2026-07-01 00:00:00,2026-07-31 23:59:59,品牌推广专区,2
42583,50元禾芯微品牌商品券,禾芯微,26年7月品牌推广活动,158,500.0,50.0,10.0,1,2026-07-01 00:00:00,2026-07-31 23:59:59,品牌推广专区,2
42594,50元伟烽品牌商品券,伟烽,26年7月品牌推广活动,158,300.0,50.0,16.67,1,2026-07-01 00:00:00,2026-07-31 23:59:59,品牌推广专区,2
42603,50元MDD品牌商品券,辰达半导体,26年7月品牌推广活动,274,500.0,50.0,10.0,1,2026-07-01 00:00:00,2026-07-31 23:59:59,品牌推广专区,2
42606,50元富隆电子品牌商品券,富隆电子,26年7月品牌推广活动,184,200.0,50.0,25.0,1,2026-07-01 00:00:00,2026-07-31 23:59:59,品牌推广专区,2
42617,50元绿微品牌商品券,绿微,26年7月品牌推广活动,166,500.0,50.0,10.0,1,2026-07-01 00:00:00,2026-07-31 23:59:59,品牌推广专区,2
42623,50元毫欧品牌商品券,毫欧,26年7月品牌推广活动,223,500.0,50.0,10.0,1,2026-07-01 00:00:00,2026-07-31 23:59:59,品牌推广专区,2
42631,50元德立品牌商品券,德立,26年7月品牌推广活动,168,300.0,50.0,16.67,1,2026-07-01 00:00:00,2026-07-31 23:59:59,品牌推广专区,2
42633,50元开步睿思品牌商品券,开步睿思,26年7月品牌推广活动,190,500.0,50.0,10.0,1,2026-07-01 00:00:00,2026-07-31 23:59:59,品牌推广专区,2
42638,50元国星光电品牌商品券,国星光电,26年7月品牌推广活动,238,200.0,50.0,25.0,1,2026-07-01 00:00:00,2026-07-31 23:59:59,品牌推广专区,2
42645,50元振宝佳品牌商品券,振宝佳,26年7月品牌推广活动,194,300.0,50.0,16.67,1,2026-07-01 00:00:00,2026-07-31 23:59:59,品牌推广专区,2
42647,50元松田品牌商品券,松田,26年7月品牌推广活动,204,300.0,50.0,16.67,1,2026-07-01 00:00:00,2026-07-31 23:59:59,品牌推广专区,2
42662,50元陆特品牌商品券,陆特,26年7月品牌推广活动,221,200.0,50.0,25.0,1,2026-07-01 00:00:00,2026-07-31 23:59:59,品牌推广专区,2
42686,50元格林柏品牌商品券,格林柏,26年7月品牌推广活动,179,500.0,50.0,10.0,1,2026-07-01 00:00:00,2026-07-31 23:59:59,品牌推广专区,2
42697,50元思大品牌商品券,思大,26年7月品牌推广活动,171,500.0,50.0,10.0,1,2026-07-01 00:00:00,2026-07-31 23:59:59,品牌推广专区,2
42699,50元恒晶科技品牌商品券,恒晶科技,26年7月品牌推广活动,177,500.0,50.0,10.0,1,2026-07-01 00:00:00,2026-07-31 23:59:59,品牌推广专区,2
42714,50元赫尔半导体品牌商品券,赫尔半导体,26年7月品牌推广活动,194,200.0,50.0,25.0,1,2026-07-01 00:00:00,2026-07-31 23:59:59,品牌推广专区,2
42717,50元乔光电子品牌商品券,乔光电子,26年7月品牌推广活动,175,1000.0,50.0,5.0,1,2026-07-01 00:00:00,2026-07-31 23:59:59,品牌推广专区,2
42721,50元恒利泰品牌商品券,恒利泰,26年7月品牌推广活动,207,200.0,50.0,25.0,1,2026-07-01 00:00:00,2026-07-31 23:59:59,品牌推广专区,2
42722,50元鼎德丰品牌商品券,鼎德丰,26年7月品牌推广活动,172,500.0,50.0,10.0,1,2026-07-01 00:00:00,2026-07-31 23:59:59,品牌推广专区,2
42732,50元芯控源品牌商品券,芯控源,26年7月品牌推广活动,174,500.0,50.0,10.0,1,2026-07-01 00:00:00,2026-07-31 23:59:59,品牌推广专区,2
42738,50元美森科品牌商品券,美森科,26年7月品牌推广活动,294,500.0,50.0,10.0,1,2026-07-01 00:00:00,2026-07-31 23:59:59,品牌推广专区,2
42809,50元宝乘品牌商品券,宝乘,26年7月品牌推广活动,202,200.0,50.0,25.0,1,2026-07-01 00:00:00,2026-07-31 23:59:59,品牌推广专区,2
42812,50元高芯电子品牌商品券,高芯电子,26年7月品牌推广活动,195,200.0,50.0,25.0,1,2026-07-01 00:00:00,2026-07-31 23:59:59,品牌推广专区,2
42815,50元集电通品牌商品券,集电通,26年7月品牌推广活动,216,200.0,50.0,25.0,1,2026-07-01 00:00:00,2026-07-31 23:59:59,品牌推广专区,2
42817,50元瑞隆源品牌商品券,瑞隆源,26年7月品牌推广活动,211,500.0,50.0,10.0,1,2026-07-01 00:00:00,2026-07-31 23:59:59,品牌推广专区,2
42829,50元国晶微半导体品牌商品券,国晶微半导体,26年7月品牌推广活动,179,500.0,50.0,10.0,1,2026-07-01 00:00:00,2026-07-31 23:59:59,品牌推广专区,2
42837,50元驰兴电感品牌商品券,驰兴电感,26年7月品牌推广活动,215,200.0,50.0,25.0,1,2026-07-01 00:00:00,2026-07-31 23:59:59,品牌推广专区,2
42842,50元米朗电子品牌商品券,米朗电子,26年7月品牌推广活动,199,200.0,50.0,25.0,1,2026-07-01 00:00:00,2026-07-31 23:59:59,品牌推广专区,2
42866,50元海旭品牌商品券,海旭,26年7月品牌推广活动,168,1000.0,50.0,5.0,1,2026-07-01 00:00:00,2026-07-31 23:59:59,品牌推广专区,2
42869,50元芯伯乐品牌商品券,芯伯乐,26年7月品牌推广活动,212,500.0,50.0,10.0,1,2026-07-01 00:00:00,2026-07-31 23:59:59,品牌推广专区,2
42920,50元博锡品牌商品券,博锡,26年7月品牌推广活动,191,500.0,50.0,10.0,1,2026-07-01 00:00:00,2026-07-31 23:59:59,品牌推广专区,2
42922,50元兆星品牌商品券,兆星,26年7月品牌推广活动,237,500.0,50.0,10.0,1,2026-07-01 00:00:00,2026-07-31 23:59:59,品牌推广专区,2
42940,50元地博电气品牌商品券,地博电气,26年7月品牌推广活动,212,300.0,50.0,16.67,1,2026-07-01 00:00:00,2026-07-31 23:59:59,品牌推广专区,2
42942,50元汉博品牌商品券,汉博,26年7月品牌推广活动,199,500.0,50.0,10.0,1,2026-07-01 00:00:00,2026-07-31 23:59:59,品牌推广专区,2
42962,50元比诺星品牌商品券,比诺星,26年7月品牌推广活动,189,200.0,50.0,25.0,1,2026-07-01 00:00:00,2026-07-31 23:59:59,品牌推广专区,2
43008,50元绍鑫品牌商品券,绍鑫,26年7月品牌推广活动,174,500.0,50.0,10.0,1,2026-07-01 00:00:00,2026-07-31 23:59:59,品牌推广专区,2
43015,50元晶光华品牌商品券,晶光华,26年7月品牌推广活动,184,500.0,50.0,10.0,1,2026-07-01 00:00:00,2026-07-31 23:59:59,品牌推广专区,2
43017,50元创都品牌商品券,创都,26年7月品牌推广活动,187,500.0,50.0,10.0,1,2026-07-01 00:00:00,2026-07-31 23:59:59,品牌推广专区,2
43021,50元徕飞品牌商品券,徕飞,26年7月品牌推广活动,205,200.0,50.0,25.0,1,2026-07-01 00:00:00,2026-07-31 23:59:59,品牌推广专区,2
43023,50元佰宏品牌商品券,佰宏,26年7月品牌推广活动,234,500.0,50.0,10.0,1,2026-07-01 00:00:00,2026-07-31 23:59:59,品牌推广专区,2
43063,50元雅晶鑫品牌指定类目商品券,雅晶鑫,26年7月品牌推广活动,211,500.0,50.0,10.0,1,2026-07-01 00:00:00,2026-07-31 23:59:59,品牌推广专区,2
43069,50元众驰电子品牌商品券,众驰电子,26年7月品牌推广活动,205,200.0,50.0,25.0,1,2026-07-01 00:00:00,2026-07-31 23:59:59,品牌推广专区,2
43077,50元荣誉品牌商品券,荣誉,26年7月品牌推广活动,226,200.0,50.0,25.0,1,2026-07-01 00:00:00,2026-07-31 23:59:59,品牌推广专区,2
43085,50元合科泰品牌商品券,合科泰,26年7月品牌推广活动,210,500.0,50.0,10.0,1,2026-07-01 00:00:00,2026-07-31 23:59:59,品牌推广专区,2
43088,50元富芯森美品牌商品券,富芯森美,26年7月品牌推广活动,217,500.0,50.0,10.0,1,2026-07-01 00:00:00,2026-07-31 23:59:59,品牌推广专区,2
43106,50元健特品牌商品券,健特,26年7月品牌推广活动,180,300.0,50.0,16.67,1,2026-07-01 00:00:00,2026-07-31 23:59:59,品牌推广专区,2
43109,50元成兴光品牌商品券,成兴光,26年7月品牌推广活动,256,500.0,50.0,10.0,1,2026-07-01 00:00:00,2026-07-31 23:59:59,品牌推广专区,2
43113,50元佑风微品牌商品券,佑风微,26年7月品牌推广活动,200,500.0,50.0,10.0,1,2026-07-01 00:00:00,2026-07-31 23:59:59,品牌推广专区,2
43117,50元纽航品牌商品券,纽航,26年7月品牌推广活动,183,500.0,50.0,10.0,1,2026-07-01 00:00:00,2026-07-31 23:59:59,品牌推广专区,2
43125,50元拓展光电品牌商品券,拓展光电,26年7月品牌推广活动,203,500.0,50.0,10.0,1,2026-07-01 00:00:00,2026-07-31 23:59:59,品牌推广专区,2
43128,50元欧密格光电品牌商品券,欧密格光电,26年7月品牌推广活动,188,300.0,50.0,16.67,1,2026-07-01 00:00:00,2026-07-31 23:59:59,品牌推广专区,2
43145,50元统佳品牌商品券,统佳,26年7月品牌推广活动,211,200.0,50.0,25.0,1,2026-07-01 00:00:00,2026-07-31 23:59:59,品牌推广专区,2
43147,50元奥特品牌商品券,奥特,26年7月品牌推广活动,193,500.0,50.0,10.0,1,2026-07-01 00:00:00,2026-07-31 23:59:59,品牌推广专区,2
43149,50元恒拓电子品牌商品券,恒拓电子,26年7月品牌推广活动,177,500.0,50.0,10.0,1,2026-07-01 00:00:00,2026-07-31 23:59:59,品牌推广专区,2
43171,50元迪嘉品牌商品券,迪嘉,26年7月品牌推广活动,247,300.0,50.0,16.67,1,2026-07-01 00:00:00,2026-07-31 23:59:59,品牌推广专区,2
43197,50元灿科盟品牌商品券,灿科盟,26年7月品牌推广活动,81,500.0,50.0,10.0,1,2026-07-01 00:00:00,2026-07-31 23:59:59,品牌推广专区,2
43234,50元讯答品牌商品券,讯答,26年7月品牌推广活动,70,500.0,50.0,10.0,1,2026-07-01 00:00:00,2026-07-31 23:59:59,品牌推广专区,2
43238,50元拓电半导体品牌商品券,拓电半导体,26年7月品牌推广活动,84,500.0,50.0,10.0,1,2026-07-01 00:00:00,2026-07-31 23:59:59,品牌推广专区,2
43240,50元静芯品牌商品券,静芯,26年7月品牌推广活动,113,200.0,50.0,25.0,1,2026-07-01 00:00:00,2026-07-31 23:59:59,品牌推广专区,2
43245,50元科泰普品牌商品券,科泰普,26年7月品牌推广活动,70,500.0,50.0,10.0,1,2026-07-01 00:00:00,2026-07-31 23:59:59,品牌推广专区,2
43250,50元宏嘉诚品牌商品券,宏嘉诚,26年7月品牌推广活动,182,200.0,50.0,25.0,1,2026-07-01 00:00:00,2026-07-31 23:59:59,品牌推广专区,2
43273,50元国连品牌商品券,国连,26年7月品牌推广活动,34,500.0,50.0,10.0,1,2026-07-01 00:00:00,2026-07-31 23:59:59,品牌推广专区,2
42636,40元技象科技品牌商品券,技象科技,26年7月品牌推广活动,239,60.0,40.0,66.67,1,2026-07-01 00:00:00,2026-07-31 23:59:59,品牌推广专区,2
42819,40元米客方德品牌商品券,米客方德,26年7月品牌推广活动,195,600.0,40.0,6.67,1,2026-07-01 00:00:00,2026-07-31 23:59:59,品牌推广专区,2
42889,40元国睿品牌商品券,国睿,26年7月品牌推广活动,182,400.0,40.0,10.0,1,2026-07-01 00:00:00,2026-07-31 23:59:59,品牌推广专区,2
42526,35元易成品牌商品券,易成,26年7月品牌推广活动,207,500.0,35.0,7.0,1,2026-07-01 00:00:00,2026-07-31 23:59:59,品牌推广专区,2
42530,35元鲁光品牌商品券,鲁光,26年7月品牌推广活动,235,100.0,35.0,35.0,1,2026-07-01 00:00:00,2026-07-31 23:59:59,品牌推广专区,2
42627,35元诚韬品牌商品券,诚韬,26年7月品牌推广活动,205,100.0,35.0,35.0,1,2026-07-01 00:00:00,2026-07-31 23:59:59,品牌推广专区,2
42700,35元明硕品牌商品券,明硕,26年7月品牌推广活动,221,100.0,35.0,35.0,1,2026-07-01 00:00:00,2026-07-31 23:59:59,品牌推广专区,2
42937,35元佑驰品牌商品券,佑驰,26年7月品牌推广活动,204,100.0,35.0,35.0,1,2026-07-01 00:00:00,2026-07-31 23:59:59,品牌推广专区,2
43100,35元易川品牌商品券,易川,26年7月品牌推广活动,212,500.0,35.0,7.0,1,2026-07-01 00:00:00,2026-07-31 23:59:59,品牌推广专区,2
43115,35元台冠电子品牌商品券,台冠电子,26年7月品牌推广活动,190,100.0,35.0,35.0,1,2026-07-01 00:00:00,2026-07-31 23:59:59,品牌推广专区,2
42528,30元康奈克斯电气品牌商品券,康奈克斯电气,26年7月品牌推广活动,205,300.0,30.0,10.0,1,2026-07-01 00:00:00,2026-07-31 23:59:59,品牌推广专区,2
42540,30元安邦品牌商品券,安邦,26年7月品牌推广活动,169,200.0,30.0,15.0,1,2026-07-01 00:00:00,2026-07-31 23:59:59,品牌推广专区,2
42565,30元扬兴晶振品牌商品券,扬兴晶振,26年7月品牌推广活动,272,1000.0,30.0,3.0,1,2026-07-01 00:00:00,2026-07-31 23:59:59,品牌推广专区,2
42567,30元宝讯品牌商品券,宝讯,26年7月品牌推广活动,187,200.0,30.0,15.0,1,2026-07-01 00:00:00,2026-07-31 23:59:59,品牌推广专区,2
42574,30元首韩品牌商品券,首韩,26年7月品牌推广活动,299,500.0,30.0,6.0,1,2026-07-01 00:00:00,2026-07-31 23:59:59,品牌推广专区,2
42576,30元众迪品牌商品券,众迪,26年7月品牌推广活动,161,300.0,30.0,10.0,1,2026-07-01 00:00:00,2026-07-31 23:59:59,品牌推广专区,2
42579,30元捷而瑞品牌商品券,捷而瑞,26年7月品牌推广活动,309,200.0,30.0,15.0,1,2026-07-01 00:00:00,2026-07-31 23:59:59,品牌推广专区,2
42589,30元芯联创展品牌商品券,芯联创展,26年7月品牌推广活动,162,300.0,30.0,10.0,1,2026-07-01 00:00:00,2026-07-31 23:59:59,品牌推广专区,2
42601,30元连兴旺电子品牌商品券,连兴旺电子,26年7月品牌推广活动,185,200.0,30.0,15.0,1,2026-07-01 00:00:00,2026-07-31 23:59:59,品牌推广专区,2
42612,30元瀚源品牌商品券,瀚源,26年7月品牌推广活动,205,200.0,30.0,15.0,1,2026-07-01 00:00:00,2026-07-31 23:59:59,品牌推广专区,2
42616,30元绿微品牌商品券,绿微,26年7月品牌推广活动,172,200.0,30.0,15.0,1,2026-07-01 00:00:00,2026-07-31 23:59:59,品牌推广专区,2
42618,30元蓝图微电品牌商品券,蓝图微电,26年7月品牌推广活动,168,200.0,30.0,15.0,1,2026-07-01 00:00:00,2026-07-31 23:59:59,品牌推广专区,2
42625,30元瑞申电子品牌商品券,瑞申电子,26年7月品牌推广活动,183,200.0,30.0,15.0,1,2026-07-01 00:00:00,2026-07-31 23:59:59,品牌推广专区,2
42640,30元鼎容品牌商品券,鼎容,26年7月品牌推广活动,191,300.0,30.0,10.0,1,2026-07-01 00:00:00,2026-07-31 23:59:59,品牌推广专区,2
42642,30元华宇品牌商品券,华宇,26年7月品牌推广活动,185,500.0,30.0,6.0,1,2026-07-01 00:00:00,2026-07-31 23:59:59,品牌推广专区,2
42653,30元瑞鑫品牌商品券,瑞鑫,26年7月品牌推广活动,203,100.0,30.0,30.0,1,2026-07-01 00:00:00,2026-07-31 23:59:59,品牌推广专区,2
42655,30元光华品牌商品券,光华,26年7月品牌推广活动,197,100.0,30.0,30.0,1,2026-07-01 00:00:00,2026-07-31 23:59:59,品牌推广专区,2
42659,30元业展品牌商品券,业展,26年7月品牌推广活动,182,200.0,30.0,15.0,1,2026-07-01 00:00:00,2026-07-31 23:59:59,品牌推广专区,2
42665,30元宇文发品牌商品券,宇文发,26年7月品牌推广活动,177,200.0,30.0,15.0,1,2026-07-01 00:00:00,2026-07-31 23:59:59,品牌推广专区,2
42677,30元钍地半导体品牌商品券,钍地半导体,26年7月品牌推广活动,206,100.0,30.0,30.0,1,2026-07-01 00:00:00,2026-07-31 23:59:59,品牌推广专区,2
42679,30元中戈泰斗品牌商品券,中戈泰斗,26年7月品牌推广活动,178,200.0,30.0,15.0,1,2026-07-01 00:00:00,2026-07-31 23:59:59,品牌推广专区,2
42684,30元兆讯品牌商品券,兆讯,26年7月品牌推广活动,179,300.0,30.0,10.0,1,2026-07-01 00:00:00,2026-07-31 23:59:59,品牌推广专区,2
42689,30元正成品牌商品券,正成,26年7月品牌推广活动,178,200.0,30.0,15.0,1,2026-07-01 00:00:00,2026-07-31 23:59:59,品牌推广专区,2
42705,30元富港品牌商品券,富港,26年7月品牌推广活动,184,200.0,30.0,15.0,1,2026-07-01 00:00:00,2026-07-31 23:59:59,品牌推广专区,2
42725,30元领强品牌商品券,领强,26年7月品牌推广活动,194,100.0,30.0,30.0,1,2026-07-01 00:00:00,2026-07-31 23:59:59,品牌推广专区,2
42729,30元灵星芯微品牌商品券,灵星芯微,26年7月品牌推广活动,195,200.0,30.0,15.0,1,2026-07-01 00:00:00,2026-07-31 23:59:59,品牌推广专区,2
42740,30元深圳质超品牌商品券,深圳质超,26年7月品牌推广活动,179,300.0,30.0,10.0,1,2026-07-01 00:00:00,2026-07-31 23:59:59,品牌推广专区,2
42744,30元华宇创品牌商品券,华宇创,26年7月品牌推广活动,197,300.0,30.0,10.0,1,2026-07-01 00:00:00,2026-07-31 23:59:59,品牌推广专区,2
42804,30元元磁品牌商品券,元磁,26年7月品牌推广活动,193,200.0,30.0,15.0,1,2026-07-01 00:00:00,2026-07-31 23:59:59,品牌推广专区,2
42807,30元先进光品牌商品券,先进光,26年7月品牌推广活动,191,100.0,30.0,30.0,1,2026-07-01 00:00:00,2026-07-31 23:59:59,品牌推广专区,2
42830,30元里阳半导体品牌商品券,里阳半导体,26年7月品牌推广活动,196,200.0,30.0,15.0,1,2026-07-01 00:00:00,2026-07-31 23:59:59,品牌推广专区,2
42857,30元扬贺扬品牌商品券,扬贺扬,26年7月品牌推广活动,174,300.0,30.0,10.0,1,2026-07-01 00:00:00,2026-07-31 23:59:59,品牌推广专区,2
42860,30元正芯品牌商品券,正芯,26年7月品牌推广活动,196,300.0,30.0,10.0,1,2026-07-01 00:00:00,2026-07-31 23:59:59,品牌推广专区,2
42872,30元雷卯电子品牌商品券,雷卯电子,26年7月品牌推广活动,187,200.0,30.0,15.0,1,2026-07-01 00:00:00,2026-07-31 23:59:59,品牌推广专区,2
42893,30元元迪品牌商品券,元迪,26年7月品牌推广活动,195,300.0,30.0,10.0,1,2026-07-01 00:00:00,2026-07-31 23:59:59,品牌推广专区,2
42898,30元新锐品牌商品券,新锐,26年7月品牌推广活动,198,300.0,30.0,10.0,1,2026-07-01 00:00:00,2026-07-31 23:59:59,品牌推广专区,2
42923,30元千如品牌商品券,千如,26年7月品牌推广活动,184,200.0,30.0,15.0,1,2026-07-01 00:00:00,2026-07-31 23:59:59,品牌推广专区,2
42926,30元柯爱亚品牌商品券,柯爱亚,26年7月品牌推广活动,181,300.0,30.0,10.0,1,2026-07-01 00:00:00,2026-07-31 23:59:59,品牌推广专区,2
42931,30元韩下品牌商品券,韩下,26年7月品牌推广活动,256,200.0,30.0,15.0,1,2026-07-01 00:00:00,2026-07-31 23:59:59,品牌推广专区,2
42946,30元鲁晶品牌商品券,鲁晶,26年7月品牌推广活动,178,300.0,30.0,10.0,1,2026-07-01 00:00:00,2026-07-31 23:59:59,品牌推广专区,2
42948,30元恒连品牌商品券,恒连,26年7月品牌推广活动,177,200.0,30.0,15.0,1,2026-07-01 00:00:00,2026-07-31 23:59:59,品牌推广专区,2
42977,30元索瑞达品牌商品券,索瑞达,26年7月品牌推广活动,186,200.0,30.0,15.0,1,2026-07-01 00:00:00,2026-07-31 23:59:59,品牌推广专区,2
42980,30元海芯电子品牌商品券,海芯电子,26年7月品牌推广活动,192,100.0,30.0,30.0,1,2026-07-01 00:00:00,2026-07-31 23:59:59,品牌推广专区,2
42983,30元SM Switch品牌商品券,SM Switch,26年7月品牌推广活动,183,200.0,30.0,15.0,1,2026-07-01 00:00:00,2026-07-31 23:59:59,品牌推广专区,2
42989,30元兴飞品牌商品券,兴飞,26年7月品牌推广活动,268,200.0,30.0,15.0,1,2026-07-01 00:00:00,2026-07-31 23:59:59,品牌推广专区,2
42993,30元谱罗德品牌商品券,谱罗德,26年7月品牌推广活动,214,200.0,30.0,15.0,1,2026-07-01 00:00:00,2026-07-31 23:59:59,品牌推广专区,2
43084,30元旭昌辉品牌商品券,旭昌辉,26年7月品牌推广活动,184,200.0,30.0,15.0,1,2026-07-01 00:00:00,2026-07-31 23:59:59,品牌推广专区,2
43108,30元瓴科微品牌商品券,瓴科微,26年7月品牌推广活动,183,100.0,30.0,30.0,1,2026-07-01 00:00:00,2026-07-31 23:59:59,品牌推广专区,2
43122,30元矽普品牌商品券,矽普,26年7月品牌推广活动,184,500.0,30.0,6.0,1,2026-07-01 00:00:00,2026-07-31 23:59:59,品牌推广专区,2
43140,30元时科品牌商品券,时科,26年7月品牌推广活动,200,200.0,30.0,15.0,1,2026-07-01 00:00:00,2026-07-31 23:59:59,品牌推广专区,2
43153,30元美铼品牌商品券,美铼,26年7月品牌推广活动,183,200.0,30.0,15.0,1,2026-07-01 00:00:00,2026-07-31 23:59:59,品牌推广专区,2
43159,30元岑科品牌商品券,岑科,26年7月品牌推广活动,178,100.0,30.0,30.0,1,2026-07-01 00:00:00,2026-07-31 23:59:59,品牌推广专区,2
43172,30元南京国微品牌商品券,南京国微,26年7月品牌推广活动,179,200.0,30.0,15.0,1,2026-07-01 00:00:00,2026-07-31 23:59:59,品牌推广专区,2
43226,30元乐瓦微电子品牌商品券,乐瓦微电子,26年7月品牌推广活动,63,200.0,30.0,15.0,1,2026-07-01 00:00:00,2026-07-31 23:59:59,品牌推广专区,2
43228,30元聆麦声学品牌商品券,聆麦声学,26年7月品牌推广活动,61,300.0,30.0,10.0,1,2026-07-01 00:00:00,2026-07-31 23:59:59,品牌推广专区,2
42538,20元工业品运费券,运费券,立创工业品-运费券-26年,2273,200.0,20.0,10.0,5,2026-07-01 00:00:00,2026-07-31 23:59:59,工业品专区,5
42537,10元工业品运费券,运费券,立创工业品-运费券-26年,864,100.0,10.0,10.0,1,2026-07-01 00:00:00,2026-07-31 23:59:59,工业品专区,5
43183,1000元麦科信品牌工业品券,麦科信,立创工业品-品牌推广-26年7月,206,10000.0,1000.0,10.0,1,2026-07-01 00:00:00,2026-07-31 23:59:59,工业品专区,5
43182,500元麦科信品牌工业品券,麦科信,立创工业品-品牌推广-26年7月,194,5000.0,500.0,10.0,1,2026-07-01 00:00:00,2026-07-31 23:59:59,工业品专区,5
43181,300元麦科信品牌工业品券,麦科信,立创工业品-品牌推广-26年7月,186,3000.0,300.0,10.0,1,2026-07-01 00:00:00,2026-07-31 23:59:59,工业品专区,5
42846,200元超创品牌工业品券,超创,立创工业品-品牌推广-26年7月,184,3000.0,200.0,6.67,1,2026-07-01 00:00:00,2026-07-31 23:59:59,工业品专区,5
42902,100元峡感品牌工业品券,峡感,立创工业品-品牌推广-26年7月,171,1500.0,100.0,6.67,1,2026-07-01 00:00:00,2026-07-31 23:59:59,工业品专区,5
42974,100元摩天射频品牌工业品券,摩天射频,立创工业品-品牌推广-26年7月,176,1000.0,100.0,10.0,1,2026-07-01 00:00:00,2026-07-31 23:59:59,工业品专区,5
43180,100元麦科信品牌工业品券,麦科信,立创工业品-品牌推广-26年7月,170,1000.0,100.0,10.0,1,2026-07-01 00:00:00,2026-07-31 23:59:59,工业品专区,5
42769,80元威尔克品牌工业品券,威尔克,立创工业品-品牌推广-26年7月,172,500.0,80.0,16.0,1,2026-07-01 00:00:00,2026-07-31 23:59:59,工业品专区,5
42555,60元工业品商品券,商品券,立创工业品-每月券-26年7月,424,2000.0,60.0,3.0,1,2026-07-01 00:00:00,2026-07-31 23:59:59,工业品专区,5
42891,60元华宇创品牌工业品券,华宇创,立创工业品-品牌推广-26年7月,180,500.0,60.0,12.0,1,2026-07-01 00:00:00,2026-07-31 23:59:59,工业品专区,5
42906,60元净行天磁品牌工业品券,净行天磁,立创工业品-品牌推广-26年7月,163,2000.0,60.0,3.0,1,2026-07-01 00:00:00,2026-07-31 23:59:59,工业品专区,5
42774,50元新宏辉达品牌工业品券,新宏辉达,立创工业品-品牌推广-26年7月,177,500.0,50.0,10.0,1,2026-07-01 00:00:00,2026-07-31 23:59:59,工业品专区,5
42790,50元艾迈斯品牌工业品券,艾迈斯,立创工业品-品牌推广-26年7月,194,1000.0,50.0,5.0,1,2026-07-01 00:00:00,2026-07-31 23:59:59,工业品专区,5
42907,50元JHT品牌工业品券,JHT,立创工业品-品牌推广-26年7月,168,1000.0,50.0,5.0,1,2026-07-01 00:00:00,2026-07-31 23:59:59,工业品专区,5
42554,30元工业品商品券,商品券,立创工业品-每月券-26年7月,440,1000.0,30.0,3.0,1,2026-07-01 00:00:00,2026-07-31 23:59:59,工业品专区,5
42768,30元威尔克品牌工业品券,威尔克,立创工业品-品牌推广-26年7月,171,200.0,30.0,15.0,1,2026-07-01 00:00:00,2026-07-31 23:59:59,工业品专区,5
42778,30元斯泰普品牌工业品券,斯泰普,立创工业品-品牌推广-26年7月,176,1000.0,30.0,3.0,1,2026-07-01 00:00:00,2026-07-31 23:59:59,工业品专区,5
42786,30元信德品牌工业品券,信德,立创工业品-品牌推广-26年7月,176,200.0,30.0,15.0,1,2026-07-01 00:00:00,2026-07-31 23:59:59,工业品专区,5
42788,30元米客方德品牌工业品券,米客方德,立创工业品-品牌推广-26年7月,170,500.0,30.0,6.0,1,2026-07-01 00:00:00,2026-07-31 23:59:59,工业品专区,5
42840,30元逸致品牌工业品券,逸致,立创工业品-品牌推广-26年7月,173,500.0,30.0,6.0,1,2026-07-01 00:00:00,2026-07-31 23:59:59,工业品专区,5
42844,30元聚兴泰品牌工业品券,聚兴泰,立创工业品-品牌推广-26年7月,172,300.0,30.0,10.0,1,2026-07-01 00:00:00,2026-07-31 23:59:59,工业品专区,5
42905,30元净行天磁品牌工业品券,净行天磁,立创工业品-品牌推广-26年7月,160,1000.0,30.0,3.0,1,2026-07-01 00:00:00,2026-07-31 23:59:59,工业品专区,5
42559,20元工业品商品券,商品券,立创工业品-每月券-26年7月,491,200.0,20.0,10.0,1,2026-07-01 00:00:00,2026-07-31 23:59:59,工业品专区,5
42787,20元米客方德品牌工业品券,米客方德,立创工业品-品牌推广-26年7月,187,100.0,20.0,20.0,1,2026-07-01 00:00:00,2026-07-31 23:59:59,工业品专区,5
42792,20元灿峰品牌工业品券,灿峰,立创工业品-品牌推广-26年7月,174,200.0,20.0,10.0,1,2026-07-01 00:00:00,2026-07-31 23:59:59,工业品专区,5
42910,20元裕峰品牌工业品券,裕峰,立创工业品-品牌推广-26年7月,179,200.0,20.0,10.0,1,2026-07-01 00:00:00,2026-07-31 23:59:59,工业品专区,5
42553,15元工业品商品券,商品券,立创工业品-每月券-26年7月,499,500.0,15.0,3.0,1,2026-07-01 00:00:00,2026-07-31 23:59:59,工业品专区,5
42771,15元伊万视波品牌工业品券,伊万视波,立创工业品-品牌推广-26年7月,188,100.0,15.0,15.0,1,2026-07-01 00:00:00,2026-07-31 23:59:59,工业品专区,5
42776,<品牌新人>15元斯泰普品牌工业品券,斯泰普,立创工业品-品牌推广-26年7月,456,16.0,15.0,93.75,1,2026-07-01 00:00:00,2026-07-31 23:59:59,工业品专区,5
42779,<品牌新人>15元芯网品牌工业品券,芯网,立创工业品-品牌推广-26年7月,447,16.0,15.0,93.75,1,2026-07-01 00:00:00,2026-07-31 23:59:59,工业品专区,5
42785,15元信德品牌工业品券,信德,立创工业品-品牌推广-26年7月,406,16.0,15.0,93.75,1,2026-07-01 00:00:00,2026-07-31 23:59:59,工业品专区,5
42793,15元灿峰品牌工业品券,灿峰,立创工业品-品牌推广-26年7月,665,16.0,15.0,93.75,1,2026-07-01 00:00:00,2026-07-31 23:59:59,工业品专区,5
42839,15元逸致品牌工业品券,逸致,立创工业品-品牌推广-26年7月,713,16.0,15.0,93.75,1,2026-07-01 00:00:00,2026-07-31 23:59:59,工业品专区,5
42843,15元聚兴泰品牌工业品券,聚兴泰,立创工业品-品牌推广-26年7月,698,16.0,15.0,93.75,1,2026-07-01 00:00:00,2026-07-31 23:59:59,工业品专区,5
42888,15元华宇创品牌工业品券,华宇创,立创工业品-品牌推广-26年7月,720,16.0,15.0,93.75,1,2026-07-01 00:00:00,2026-07-31 23:59:59,工业品专区,5
42901,15元美阳品牌工业品券,美阳,立创工业品-品牌推广-26年7月,409,20.0,15.0,75.0,1,2026-07-01 00:00:00,2026-07-31 23:59:59,工业品专区,5
42904,15元净行天磁品牌工业品券,净行天磁,立创工业品-品牌推广-26年7月,201,500.0,15.0,3.0,1,2026-07-01 00:00:00,2026-07-31 23:59:59,工业品专区,5
42911,15元裕峰品牌工业品券,裕峰,立创工业品-品牌推广-26年7月,605,16.0,15.0,93.75,1,2026-07-01 00:00:00,2026-07-31 23:59:59,工业品专区,5
42912,15元锐思品牌工业品券,锐思,立创工业品-品牌推广-26年7月,205,200.0,15.0,7.5,1,2026-07-01 00:00:00,2026-07-31 23:59:59,工业品专区,5
42973,<品牌新人>15元摩天射频品牌工业品券,摩天射频,立创工业品-品牌推广-26年7月,370,16.0,15.0,93.75,1,2026-07-01 00:00:00,2026-07-31 23:59:59,工业品专区,5
42767,12元威尔克品牌工业品券,威尔克,立创工业品-品牌推广-26年7月,190,100.0,12.0,12.0,1,2026-07-01 00:00:00,2026-07-31 23:59:59,工业品专区,5
42550,10元工业品商品券,商品券,立创工业品-每月券-26年7月,569,200.0,10.0,5.0,1,2026-07-01 00:00:00,2026-07-31 23:59:59,工业品专区,5
42556,10元工业品商品券,商品券,立创工业品-每月券-26年7月,615,50.0,10.0,20.0,1,2026-07-01 00:00:00,2026-07-31 23:59:59,工业品专区,5
42760,10元dytape品牌工业品券,dytape,立创工业品-品牌推广-26年7月,181,100.0,10.0,10.0,1,2026-07-01 00:00:00,2026-07-31 23:59:59,工业品专区,5
42762,10元汇亚品牌工业品券,汇亚,立创工业品-品牌推广-26年7月,170,100.0,10.0,10.0,1,2026-07-01 00:00:00,2026-07-31 23:59:59,工业品专区,5
42764,10元优沃品牌工业品券,优沃,立创工业品-品牌推广-26年7月,166,100.0,10.0,10.0,1,2026-07-01 00:00:00,2026-07-31 23:59:59,工业品专区,5
42770,10元伊万视波品牌工业品券,伊万视波,立创工业品-品牌推广-26年7月,405,11.0,10.0,90.91,1,2026-07-01 00:00:00,2026-07-31 23:59:59,工业品专区,5
42772,10元伊万仪通品牌工业品券,伊万仪通,立创工业品-品牌推广-26年7月,173,100.0,10.0,10.0,1,2026-07-01 00:00:00,2026-07-31 23:59:59,工业品专区,5
42789,10元远阳品牌工业品券,远阳,立创工业品-品牌推广-26年7月,211,30.0,10.0,33.33,1,2026-07-01 00:00:00,2026-07-31 23:59:59,工业品专区,5
42845,10元超创品牌工业品券,超创,立创工业品-品牌推广-26年7月,196,30.0,10.0,33.33,1,2026-07-01 00:00:00,2026-07-31 23:59:59,工业品专区,5
43184,10元麦科信品牌工业品券,麦科信,立创工业品-品牌推广-26年7月,414,11.0,10.0,90.91,1,2026-07-01 00:00:00,2026-07-31 23:59:59,工业品专区,5
43195,10元诺德斯特品牌工业品券,诺德斯特,立创工业品-品牌推广-26年7月,167,100.0,10.0,10.0,1,2026-07-01 00:00:00,2026-07-31 23:59:59,工业品专区,5
42784,<品牌新人>9元鑫顺达品牌工业品券,鑫顺达,立创工业品-品牌推广-26年7月,391,10.0,9.0,90.0,1,2026-07-01 00:00:00,2026-07-31 23:59:59,工业品专区,5
42903,9元净行天磁品牌工业品券,净行天磁,立创工业品-品牌推广-26年7月,456,10.0,9.0,90.0,1,2026-07-01 00:00:00,2026-07-31 23:59:59,工业品专区,5
43193,8元诺德斯特品牌工业品券,诺德斯特,立创工业品-品牌推广-26年7月,175,50.0,8.0,16.0,1,2026-07-01 00:00:00,2026-07-31 23:59:59,工业品专区,5
42773,6元新宏辉达品牌工业品券,新宏辉达,立创工业品-品牌推广-26年7月,269,10.0,6.0,60.0,1,2026-07-01 00:00:00,2026-07-31 23:59:59,工业品专区,5
42791,6元灿峰品牌工业品券,灿峰,立创工业品-品牌推广-26年7月,251,10.0,6.0,60.0,1,2026-07-01 00:00:00,2026-07-31 23:59:59,工业品专区,5
42909,6元裕峰品牌工业品券,裕峰,立创工业品-品牌推广-26年7月,233,10.0,6.0,60.0,1,2026-07-01 00:00:00,2026-07-31 23:59:59,工业品专区,5
42759,5元dytape品牌工业品券,dytape,立创工业品-品牌推广-26年7月,175,50.0,5.0,10.0,1,2026-07-01 00:00:00,2026-07-31 23:59:59,工业品专区,5
42761,5元汇亚品牌工业品券,汇亚,立创工业品-品牌推广-26年7月,172,30.0,5.0,16.67,1,2026-07-01 00:00:00,2026-07-31 23:59:59,工业品专区,5
42763,5元优沃品牌工业品券,优沃,立创工业品-品牌推广-26年7月,171,30.0,5.0,16.67,1,2026-07-01 00:00:00,2026-07-31 23:59:59,工业品专区,5
42765,5元威尔克品牌工业品券,威尔克,立创工业品-品牌推广-26年7月,216,10.0,5.0,50.0,1,2026-07-01 00:00:00,2026-07-31 23:59:59,工业品专区,5
42766,5元威尔克品牌工业品券,威尔克,立创工业品-品牌推广-26年7月,173,50.0,5.0,10.0,1,2026-07-01 00:00:00,2026-07-31 23:59:59,工业品专区,5
42777,5元斯泰普品牌工业品券,斯泰普,立创工业品-品牌推广-26年7月,175,50.0,5.0,10.0,1,2026-07-01 00:00:00,2026-07-31 23:59:59,工业品专区,5
42781,5元博众新材品牌工业品券,博众新材,立创工业品-品牌推广-26年7月,182,50.0,5.0,10.0,1,2026-07-01 00:00:00,2026-07-31 23:59:59,工业品专区,5
42783,5元广东怡远品牌工业品券,广东怡远,立创工业品-品牌推广-26年7月,172,50.0,5.0,10.0,1,2026-07-01 00:00:00,2026-07-31 23:59:59,工业品专区,5
42908,5元JHT品牌工业品券,JHT,立创工业品-品牌推广-26年7月,169,100.0,5.0,5.0,1,2026-07-01 00:00:00,2026-07-31 23:59:59,工业品专区,5
43194,5元诺德斯特品牌工业品券,诺德斯特,立创工业品-品牌推广-26年7月,173,30.0,5.0,16.67,1,2026-07-01 00:00:00,2026-07-31 23:59:59,工业品专区,5
42780,3元博众新材品牌工业品券,博众新材,立创工业品-品牌推广-26年7月,217,10.0,3.0,30.0,1,2026-07-01 00:00:00,2026-07-31 23:59:59,工业品专区,5
42782,3元广东怡远品牌工业品券,广东怡远,立创工业品-品牌推广-26年7月,209,10.0,3.0,30.0,1,2026-07-01 00:00:00,2026-07-31 23:59:59,工业品专区,5
42900,1元健策品牌工业品券,健策,立创工业品-品牌推广-26年7月,185,27.0,1.0,3.7,1,2026-07-01 00:00:00,2026-07-31 23:59:59,工业品专区,5
42822,<正成>9.5折PLUS专属券,正成,2026年7月PLUS专属品牌优惠,248,1.0,0.0,5.0,1,2026-07-01 00:00:00,2026-07-31 23:59:59,PLUS 会员专区,4
42823,<华轩阳>9.5折PLUS专属券,华轩阳电子,2026年7月PLUS专属品牌优惠,241,1.0,0.0,5.0,1,2026-07-01 00:00:00,2026-07-31 23:59:59,PLUS 会员专区,4
42824,<陆特>9.5折PLUS专属券,陆特,2026年7月PLUS专属品牌优惠,193,1.0,0.0,5.0,1,2026-07-01 00:00:00,2026-07-31 23:59:59,PLUS 会员专区,4
42825,<顺翔诺>9.5折PLUS专属券,顺翔诺,2026年7月PLUS专属品牌优惠,214,1.0,0.0,5.0,1,2026-07-01 00:00:00,2026-07-31 23:59:59,PLUS 会员专区,4
42847,<祥如>50元PLUS专属券,祥如,2026年7月PLUS专属品牌优惠,192,300.0,50.0,16.67,1,2026-07-01 00:00:00,2026-07-31 23:59:59,PLUS 会员专区,4
42848,<讯普>30元PLUS专属券,讯普,2026年7月PLUS专属品牌优惠,204,300.0,30.0,10.0,1,2026-07-01 00:00:00,2026-07-31 23:59:59,PLUS 会员专区,4
42826,<兆星>20元PLUS专属券,兆星,2026年7月PLUS专属品牌优惠,347,21.0,20.0,95.24,1,2026-07-01 00:00:00,2026-07-31 23:59:59,PLUS 会员专区,4
42850,<连兴旺电子>20元PLUS专属券,连兴旺电子,2026年7月PLUS专属品牌优惠,293,21.0,20.0,95.24,1,2026-07-01 00:00:00,2026-07-31 23:59:59,PLUS 会员专区,4
42851,<爱普微>20元PLUS专属券,爱普微,2026年7月PLUS专属品牌优惠,317,21.0,20.0,95.24,1,2026-07-01 00:00:00,2026-07-31 23:59:59,PLUS 会员专区,4
